id,domain,status,purchase_price,renewal_price,attractiveness,demand,length,registrar,created_at,expires_at,status_verified_at
d2d941e7-262d-4d8a-bd5d-3398df713377,religion.church,resell,,,high,low,8,,,,29/09/2026 18:54
80eafe2d-28c7-4990-a6a8-1bc9591bb715,religion.faith,premium,10350.2,103.7,high,low,8,spaceship,,,29/09/2026 18:54
41c18a66-a771-4b55-8c26-e27bb5d28cc4,belief.faith,premium,3450,116,high,low,6,namesilo,,,23/09/2026 05:12
fa2bca0b-aa66-4555-b10c-468a1a18b90f,spirituality.church,available,14.99,58.99,high,low,12,namesilo,,,30/09/2026 06:12
7c273bd5-0fb1-4d98-9724-80d08e2a6a43,church.yoga,premium,220,26.97,high,medium,6,dynadot,,,29/09/2026 09:07
6ea6a18b-40a8-43b0-a7c0-840546615906,religion.college,available,1.18,51.95,high,low,8,spaceship,,,29/09/2026 18:54
b5f2f5a8-59b0-40e1-98d2-ae0d5474a06e,religion.airforce,available,82.9,82.9,high,low,8,porkbun,,,29/09/2026 18:54
61b5ade5-2995-4473-87d8-bbd62ee45eeb,religion.tech,premium,312.5,,high,low,8,name.com,,,29/09/2026 18:54
d4408666-5527-4b0c-9325-edf84e794349,religion.eco,available,47.81,59.71,high,low,8,spaceship,,,29/09/2026 18:54
bd7e0faf-f3b8-45d8-a19d-00064a33b8f7,religion.zone,available,8.24,32.21,high,low,8,dynadot,,,29/09/2026 18:54
006a87bf-a9cf-4b2e-b225-b9791aa4b9e3,religion.software,available,15.96,33.47,high,low,8,porkbun,,,29/09/2026 18:54
a912696b-9a52-4127-be2c-618ac0b0807c,religion.singles,available,9,,high,low,8,unstoppable,,,29/09/2026 18:54
577e85f4-9fd9-4bc6-81b8-ac6fcd6bc23a,religion.nyc,premium,2750,26.97,high,low,8,dynadot,,,29/09/2026 18:54
2e8c44e5-ad7a-45ed-a5a5-4ac264d1b8a7,church.gratis,premium,242,242,high,medium,6,namesilo,,,29/09/2026 09:07
c26031ce-cd3a-471b-a3bc-2bc289e4807a,religion.builders,available,28.15,28.15,high,low,8,spaceship,,,29/09/2026 18:54
0a1bfd12-204c-425d-96e0-a7689d8019d5,religion.diamonds,available,57.98,72.98,high,low,8,namecheap,,,29/09/2026 18:54
9377c451-a545-474c-8db3-7fd749921d0c,religion.club,premium,1300,19.5,high,low,8,namecheap,,,29/09/2026 18:54
c1d6555e-f1b3-4da6-bf42-a8aa6d223970,religion.so,available,,,high,low,8,,,,
a5952617-3c98-4cb3-b6d3-f19606ef910c,church.rentals,premium,220,220,high,medium,6,dynadot,,,29/09/2026 09:07
54b5f02f-15d7-4021-8164-98ef2fd3b695,church.hockey,available,59.99,59.99,high,medium,6,namesilo,,,29/09/2026 09:07
0f2d42ec-15f1-4802-b0f8-90ee7936133b,church.auto,available,1999.99,2199,high,medium,6,namesilo,,,29/09/2026 09:07
dd81c2b8-7143-4124-bf4f-4f99c498f4d7,religion.events,available,9.85,37.67,high,low,8,dynadot,,,29/09/2026 18:54
44f5539a-d49e-4750-8346-610fb693b228,religion.cruises,available,54.98,68.98,high,low,8,namecheap,,,29/09/2026 18:54
6a5cab06-6e50-4cc7-8ac8-943eec7e841b,religion.mba,available,17,,high,low,8,unstoppable,,,29/09/2026 18:54
abcd8403-8362-4367-95e7-46a82ed43f5a,religion.reise,available,77.83,77.83,high,low,8,spaceship,,,29/09/2026 18:54
3ee17078-0a5c-47f7-9fe4-935583a270a5,church.casa,premium,854,11.8,high,medium,6,namesilo,,,29/09/2026 09:07
b146f862-794e-45a7-a201-d72151a29aa4,church.sucks,premium,27600,2658.67,high,medium,6,namesilo,,,29/09/2026 09:07
621b4539-1cb2-40d6-8714-e44b3324aede,church.soy,premium,164.77,164.77,high,medium,6,spaceship,,,29/09/2026 09:07
8ad7eed4-3034-4be2-8f18-5f8e72dee17b,church.monster,resell,,,high,medium,6,"Spaceship, Inc.",17/01/2026 15:57,17/01/2027 23:59,29/09/2026 09:07
3093fb43-8744-4a04-bfb4-a2e7cf3ccd94,religion.systems,available,10.55,28.15,high,low,8,spaceship,,,29/09/2026 18:54
2d0edc58-13db-4bff-bfe0-ebe9e9dbe8f3,religion.delivery,available,48.2,48.2,high,low,8,cloudflare,,,29/09/2026 18:54
a28dfd30-553e-4ad9-955a-3801a404dc57,church.uno,premium,546.35,1092.18,high,medium,6,porkbun,,,29/09/2026 09:07
ec771c3d-e955-4aff-ba52-1eadf6f844c1,religion.viajes,available,36.56,36.56,high,low,8,porkbun,,,29/09/2026 18:54
a579548c-f124-4851-9326-f0fefa658534,church.kiwi,premium,46.71,46.71,high,medium,6,dynadot,,,29/09/2026 09:07
9e68abd8-1980-4636-b109-e9fa0b44d98b,religion.band,available,15.73,25.04,high,low,8,spaceship,,,29/09/2026 18:54
f5550afe-1c9f-4669-9f1e-6be19720f0fa,faith.insure,available,58.16,58.16,high,low,5,spaceship,,,29/09/2026 18:54
a72da633-0343-4e97-a1d7-be7e059c0055,religion.beer,available,1.5,26.97,high,low,8,dynadot,,,29/09/2026 18:54
5f295aa1-81bc-4506-81c3-d14ad0b7fc2f,religion.jetzt,available,7.71,19.48,high,low,8,dynadot,,,29/09/2026 18:54
9068fc9b-0918-408c-9e4d-1cc70c26374b,church.trade,premium,448,53.92,high,medium,6,namesilo,,,29/09/2026 09:07
54f78a96-4b56-4a19-ba2e-1c6e8e7ad7dc,religion.bar,premium,326.23,465.95,high,low,8,spaceship,,,29/09/2026 18:54
896804a4-0ada-4a0c-a7c7-e9295541dd52,religion.expert,premium,102.67,102.67,high,low,8,spaceship,,,29/09/2026 18:54
11cd5588-27d9-48bf-a00d-41de8dd706e8,church.ltda,premium,52.92,31.09,high,medium,6,porkbun,,,29/09/2026 09:07
08d9d103-574f-455c-879b-74301cf8ffbc,religion.qpon,premium,2750,21.94,high,low,8,dynadot,,,29/09/2026 18:54
5fc5dff0-3b66-4f5d-8cd0-f1f64224e964,religion.holdings,available,50.2,50.2,high,low,8,cloudflare,,,29/09/2026 18:54
6587dd08-6e8b-4bce-ac81-159e0bcf0323,church.market,premium,512,512,high,medium,6,namesilo,,,29/09/2026 09:07
b5606611-c1f0-47b3-a5e0-ac13da7a31a5,religion.casino,available,6.41,129.58,high,low,8,spaceship,,,29/09/2026 18:54
4b8c656b-7d4c-4816-bbce-aea676c031f1,church.ong,premium,62.5,,high,medium,6,name.com,,,29/09/2026 09:07
466ce6d2-c1d6-4ac7-8905-e4e9b419e5bc,religion.rest,available,25.2,25.2,high,low,8,cloudflare,,,29/09/2026 18:54
78123fbb-624f-4bba-8472-1250baade99f,religion.living,available,1.34,31.25,high,low,8,spaceship,,,29/09/2026 18:54
a9a0cf87-1b95-4e9e-a2a1-a533e588427a,religion.kitchen,available,7.96,51.95,high,low,8,spaceship,,,29/09/2026 18:54
7420df09-e69a-40df-b7f5-ac24683c7d0e,church.limited,premium,108.9,108.9,high,medium,6,dynadot,,,29/09/2026 09:07
e5a32217-dba6-48cb-ba50-5b15faba13d0,religion.coach,available,10.92,64.42,high,low,8,dynadot,,,29/09/2026 18:54
c35119b0-585b-40d4-a3b2-2acb870f4433,religion.luxe,available,15.73,15.73,high,low,8,spaceship,,,29/09/2026 18:54
732fb0a6-d73c-4637-8b88-434440a2c7bd,religion.reviews,premium,102.67,102.67,high,low,8,spaceship,,,29/09/2026 18:54
fe1019cc-9498-4e29-851e-82e98e1413a8,religion.channel,premium,76.7,76.7,high,low,8,namecheap,,,29/09/2026 18:54
a9bd35de-dd5c-4aae-adf4-214eefd4c487,religion.dance,available,16,,high,low,8,unstoppable,,,29/09/2026 18:54
ed93bc7f-a383-4afc-8e6a-d3048314d129,church.eco,premium,3850,61.74,high,medium,6,dynadot,,,29/09/2026 09:07
d98f1d93-85c7-4c68-8986-ee82840f912b,church.fans,premium,220,220,high,medium,6,dynadot,,,29/09/2026 09:07
eeab5979-9bef-4308-a982-e90c272c03e6,faith.pro,resell,,,high,low,5,UM DOMAINS PTE. LTD,04/10/2026 15:16,04/10/2027 15:16,05/10/2026 04:31
5a597e02-ffe7-4a47-a762-c283cbc2da0e,religion.mobi,available,3.82,41.6,high,low,8,spaceship,,,29/09/2026 18:54
1f5e7b20-09a2-45f3-9e4a-04a32ae3fc8b,religion.work,resell,,,high,low,8,"GoDaddy.com, LLC",14/11/2018 23:36,14/11/2028 23:36,29/09/2026 18:54
f248e787-e946-4823-b9ef-289c197403d3,religion.fm,available,67.98,87.72,high,low,8,spaceship,,,29/09/2026 18:54
3ece2c33-d03a-4aaa-b883-c9c86c75db24,religion.ong,available,15.2,15.2,high,low,8,cloudflare,,,29/09/2026 18:54
59c2225f-e9f2-4645-b8a1-65137268e0e9,religion.democrat,premium,440,440,high,low,8,dynadot,,,29/09/2026 18:54
adc31988-8200-4b1c-84d7-9490b109a6da,religion.immobilien,available,29.2,29.2,high,low,8,cloudflare,,,29/09/2026 18:54
0949538f-0e54-401a-b881-e19cdf012186,religion.pet,available,13.5,,high,low,8,unstoppable,,,29/09/2026 18:54
a948bad6-c041-44c9-a320-275b0e558302,religion.link,premium,350.2,490,high,low,8,unstoppable,,,29/09/2026 18:54
701f3fc5-7e09-4de0-b838-04321daaca73,faith.berlin,available,54.82,54.82,high,low,5,dynadot,,,29/09/2026 18:54
06ea1466-324b-4381-a485-43d773053bc5,religion.garden,available,2.49,26.97,high,low,8,dynadot,,,29/09/2026 18:54
908246c5-cd9e-4a92-8401-3894ba5967e4,church.you,premium,640,640,high,medium,6,namesilo,,,29/09/2026 09:07
f8945a2a-ab42-416a-910d-4c7e59a129ec,church.cam,premium,1552.7,14.69,high,medium,6,spaceship,,,29/09/2026 09:07
5e9355ea-a471-4253-8085-92cb9c2aa870,religion.barcelona,available,25.04,25.04,high,low,8,spaceship,,,29/09/2026 18:54
b2584393-ccb9-447b-acf3-34cac5018034,religion.space,premium,1293.95,5175.2,high,low,8,spaceship,,,29/09/2026 18:54
56bfe106-9d73-49b1-bb0b-72827bf811d9,church.solar,premium,512,512,high,medium,6,namesilo,,,29/09/2026 09:07
286d8a18-1a28-436d-bace-4b08d109267b,church.cab,available,13.06,26.97,high,medium,6,dynadot,,,29/09/2026 09:07
3fc9fe74-5a94-449a-88f2-bbc9b9e93330,religion.im,available,4.18,6.73,high,low,8,spaceship,,,29/09/2026 18:54
e10a6781-efd4-4400-b68b-8e1e48a8ea4c,church.land,premium,118.8,118.8,high,medium,6,namesilo,,,29/09/2026 09:07
e06145c7-a52a-4150-9d5f-f0e716ae380d,religion.social,premium,99.5,118.8,high,low,8,unstoppable,,,29/09/2026 18:54
a87581e8-d7cb-4683-94a2-b0e1d17901fd,faith.sex,available,51.95,98.53,high,low,5,spaceship,,,29/09/2026 18:54
9833bbe7-788d-402c-ac43-0a05f4681c22,church.navy,available,41.99,41.99,high,medium,6,namesilo,,,29/09/2026 09:07
11b877f7-9899-4250-b814-727c969d6db6,religion.actor,available,16,,high,low,8,unstoppable,,,29/09/2026 18:54
8a0c0376-59a4-43b9-b94e-8a2835a09a41,religion.net,resell,,,high,low,8,"Network Solutions, LLC",14/09/1996 04:00,13/09/2027 04:00,29/09/2026 18:54
814252aa-d95b-43ef-b678-6939b0f3724c,faith.actor,premium,54.36,108.6,high,low,5,porkbun,,,29/09/2026 18:54
25ce57b1-a614-4eb4-a800-365e53d05314,religion.webcam,premium,6250,,high,low,8,name.com,,,29/09/2026 18:54
aeeaaf18-b838-41d5-beef-468b54a039e2,religion.ltd,available,5.57,25.9,high,low,8,dynadot,,,29/09/2026 18:54
4a6c4adc-6abc-4d27-aa76-6c9b51bfa0a2,church.republican,available,5.38,26,high,medium,6,spaceship,,,29/09/2026 09:07
4002d3eb-2af7-475f-9821-688a24c46787,faith.food,premium,550,550,high,low,5,dynadot,,,29/09/2026 18:54
207d6372-eb67-4399-b786-8246824829d4,church.cat,available,18.83,25.04,high,medium,6,spaceship,,,29/09/2026 09:07
acc583fc-bfdb-4f92-8a02-a26dbb928a77,church.charity,premium,207.2,207.2,high,medium,6,spaceship,,,29/09/2026 09:07
95c9189b-c04c-4099-8870-94c6c4850ee6,religion.host,premium,258.95,517.7,high,low,8,spaceship,,,29/09/2026 18:54
32fc7445-125e-4571-964c-45f581eb9c01,religion.fit,available,1.75,26.08,high,low,8,spaceship,,,29/09/2026 18:54
7df9c2f9-2420-457a-adb6-185526e8c10a,church.tires,available,87.98,110.98,high,medium,6,namecheap,,,29/09/2026 09:07
ecfdbe96-e38e-433f-b132-0186ab212d92,church.ninja,resell,,,high,medium,6,Dynadot Inc,28/08/2026 17:00,28/08/2027 17:00,29/09/2026 09:07
9e80357a-e9ab-488d-9363-4f2675e97e06,faith.channel,premium,257.92,257.92,high,low,5,spaceship,,,29/09/2026 18:54
10441d58-017e-458d-89db-ecc2e2ac768b,religion.zip,premium,133.72,133.72,high,low,8,spaceship,,,29/09/2026 18:54
2b7ea099-5a56-4aee-a19d-c1753103d4cb,religion.cash,available,9.78,31.41,high,low,8,porkbun,,,29/09/2026 18:54
2200a3ee-efa5-4c39-a62e-915b874fc28e,religion.gift,available,20.98,23.98,high,low,8,namecheap,,,29/09/2026 18:54
d938a2e8-6ea3-40fe-8af7-e1d3ca9ab41e,religion.win,premium,455,65,high,low,8,namecheap,,,29/09/2026 18:54
e80972a0-c788-479a-bcd2-870164a3d45b,religion.ski,available,21.11,52.01,high,low,8,porkbun,,,29/09/2026 18:54
286b954c-164f-4c4b-ab44-833da567dffe,faith.game,premium,1345.7,1345.7,high,low,5,spaceship,,,29/09/2026 18:54
270a4e7a-3ddf-4b0b-afc6-eb7169c088c5,church.ag,available,82.5,82.5,high,medium,6,dynadot,,,29/09/2026 09:07
721112ea-617f-4ac4-8083-d31fa444b50d,religion.florist,available,8.24,26.26,high,low,8,porkbun,,,29/09/2026 18:54
6b793246-9a52-4b85-9354-c68999b1eac6,faith.promo,available,19.2,19.2,high,low,5,cloudflare,,,29/09/2026 18:54
5150f0af-5f7f-4eed-bed6-a3c63b493332,religion.flights,available,32.32,48.37,high,low,8,dynadot,,,29/09/2026 18:54
10eedd01-b070-4dd4-8d9c-c334b55a83c4,religion.institute,premium,242,242,high,low,8,namesilo,,,29/09/2026 18:54
bf3592cd-bd95-4805-9162-504b437f1e2d,faith.lease,premium,207.2,207.2,high,low,5,spaceship,,,29/09/2026 18:54
1b614788-a316-413d-9dda-9b10e6c1a93b,faith.horse,premium,83,26.08,high,low,5,spaceship,,,29/09/2026 18:54
ed17d036-071d-49ea-b9d2-3d5f79e1c23a,religion.fast,premium,55.11,55.11,high,low,8,porkbun,,,29/09/2026 18:54
9c720c2b-db61-446a-9a44-6317f8501845,religion.management,available,8.24,21.11,high,low,8,porkbun,,,29/09/2026 18:54
c8dc91bf-084e-47fc-81a1-92c17f23b24d,church.cheap,available,5.98,49.98,high,medium,6,namecheap,,,29/09/2026 09:07
fb4b40a9-2703-446c-942a-7f78d3ab9f09,religion.gmbh,available,36.43,36.43,high,low,8,spaceship,,,29/09/2026 18:54
a17dd3ba-0374-40ad-9112-2e8df0877ac8,faith.photography,available,13.5,,high,low,5,unstoppable,,,29/09/2026 18:54
ec635e4e-1ea8-463c-945e-ce46b83ade5c,church.click,premium,362.45,517.7,high,medium,6,spaceship,,,29/09/2026 09:07
d0fe4884-1585-4f3b-bb89-72da0300c67d,religion.properties,available,14.17,31.25,high,low,8,spaceship,,,29/09/2026 18:54
42ae2a70-0835-4754-bf05-996a0736246f,church.cv,premium,137.6,8.85,high,medium,6,namesilo,,,29/09/2026 09:07
e7bd4f48-c78f-4916-9a7c-0c09a32847fc,church.enterprises,resell,,,high,medium,6,"Global Domains International, Inc. DBA DomainCostClub.com",31/03/2025 12:47,31/03/2027 12:47,29/09/2026 09:07
847e7af3-522c-4fa8-9d0f-8dae174da1aa,religion.fans,premium,51.95,103.7,high,low,8,spaceship,,,29/09/2026 18:54
c996df13-f117-4b25-ad99-ec320ab10bff,faith.audio,available,93.35,103.4,high,low,5,spaceship,,,29/09/2026 18:54
aa2ed802-be77-43b3-8640-80e6d1ff202f,religion.vip,premium,3125,,high,low,8,name.com,,,29/09/2026 18:54
83764623-0391-4ea3-bf77-11eab87129a1,religion.camera,available,61.98,72.98,high,low,8,namecheap,,,29/09/2026 18:54
a0b445aa-7fa2-404c-8feb-02c1452202e8,faith.immobilien,available,29.2,29.2,high,low,5,cloudflare,,,29/09/2026 18:54
50ab222a-1023-4d96-b45d-b6eff0c8906e,religion.berlin,available,79.98,89.98,high,low,8,namecheap,,,29/09/2026 18:54
4ad848be-b4f9-4d5f-bc01-ee79f5144e06,faith.adult,available,51.95,98.53,high,low,5,spaceship,,,29/09/2026 18:54
7e498fbb-56df-4cac-8243-b02fac3a7969,religion.partners,available,9.52,57.13,high,low,8,spaceship,,,29/09/2026 18:54
fa1cf9e1-4d37-4bca-bf23-4ce15fb5949c,church.moda,available,32.2,32.2,high,medium,6,cloudflare,,,29/09/2026 09:07
4fea4be9-3239-4e0c-8457-2d54a603f114,faith.company,resell,,,high,low,5,"Chengdu West Dimension Digital Technology Co., Ltd.",19/09/2020 08:06,19/09/2034 08:06,29/09/2026 18:54
366756a2-927b-4818-9709-39e8970c9d25,church.rent,premium,1107,1107,high,medium,6,namesilo,,,29/09/2026 09:07
6048c0fe-98ce-4ae0-88eb-384a84c5994c,faith.ag,available,82.5,82.5,high,low,5,dynadot,,,29/09/2026 18:54
639299c5-f128-4db7-811f-d0e398762451,faith.catering,premium,220,220,high,low,5,dynadot,,,29/09/2026 18:54
fcbfcf22-6ce6-4cc0-a83e-96c37375d488,faith.deal,premium,517.7,517.7,high,low,5,spaceship,,,29/09/2026 18:54
19511e7c-f2cb-4d1f-83e8-b3ed1d7eb922,religion.vote,available,20.9,72.65,high,low,8,spaceship,,,29/09/2026 18:54
d2a9868e-b51c-457b-a293-28d0dae9e2e2,faith.cloud,premium,700,1400,high,low,5,namecheap,,,29/09/2026 18:54
eb7b0d94-a231-4ebe-96e4-8fcc14559779,religion.love,premium,579.8,828.2,high,low,8,spaceship,,,29/09/2026 18:54
0013ad4f-6a3c-422b-987c-7fcd4170b76d,religion.art,premium,15525.2,72.65,high,low,8,spaceship,,,29/09/2026 18:54
3cec038b-d0be-4904-a578-9e275fb39f45,religion.top,premium,231.68,231.68,high,low,8,spaceship,,,29/09/2026 18:54
1ffbab29-a911-4345-8eba-4547e979dc3f,religion.deal,premium,100.5,116,high,low,8,unstoppable,,,29/09/2026 18:54
210b2389-ba35-4aa0-a161-905f0e35979d,religion.christmas,available,32.32,32.32,high,low,8,dynadot,,,29/09/2026 18:54
430c098f-54e0-476a-a1ce-3fca1bb008d4,faith.wine,available,7.45,47.81,high,low,5,spaceship,,,29/09/2026 18:54
f4b558af-a2d7-40c5-b100-fe35ce57b94f,religion.site,premium,647.08,2587.7,high,low,8,spaceship,,,29/09/2026 18:54
d9419ee7-4e9f-4c5c-884a-cf1508ddeb6b,faith.camp,available,48.2,48.2,high,low,5,cloudflare,,,29/09/2026 18:54
292c2d0e-dbca-4f63-aa04-d789dbe71ee3,faith.photos,premium,102.67,102.67,high,low,5,spaceship,,,29/09/2026 18:54
803d6bc4-c621-4ce5-b769-df1e34191da2,church.esq,premium,671.92,671.92,high,medium,6,spaceship,,,29/09/2026 09:07
b21ad4d4-c75b-4e58-9973-73d1aaa5e9e1,religion.condos,available,46.78,46.78,high,low,8,spaceship,,,29/09/2026 18:54
db84183e-cd33-4f82-9dfe-d2064446e535,faith.ceo,premium,206.17,206.17,high,low,5,spaceship,,,29/09/2026 18:54
e3f62c45-63c1-49b7-8ce6-b1fed1ab77ef,faith.wedding,premium,207.2,26.08,high,low,5,spaceship,,,29/09/2026 18:54
ae0b8ba1-9eb4-4332-b19a-c61c728842fc,church.tips,premium,78.54,78.54,high,medium,6,namesilo,,,29/09/2026 09:07
02c4cab9-028e-46a5-9ea7-036c11af78d8,church.living,premium,546.35,546.35,high,medium,6,porkbun,,,29/09/2026 09:07
27854145-45c1-4005-b035-681433f7faf3,faith.la,resell,,,high,low,5,Dynadot LLC,12/03/2016 04:12,12/03/2027 23:59,29/09/2026 18:54
def17e32-b305-4488-a7f4-320e2571f722,faith.at,resell,,,high,low,5,Greenmark IT GmbH ( https://nic.at/registrar/618 ),,,29/09/2026 18:54
11220721-cede-4249-8dde-6c02ec1598a3,church.mx,resell,,,high,medium,6,,,,29/09/2026 09:07
20a8e115-e54e-40b9-9342-66daa9ae73a4,faith.forex,available,13.5,,high,low,5,unstoppable,,,29/09/2026 18:54
d8fd8523-c4c0-4e15-87fd-b59d86c61a74,faith.apartments,available,45.74,45.74,high,low,5,spaceship,,,29/09/2026 18:54
f086649b-fd0f-4aae-9312-241ac6be4475,church.fun,premium,812.5,3250,high,medium,6,namecheap,,,29/09/2026 09:07
55eed4eb-0c4f-4b8e-a4ba-5e83d81a70ba,church.productions,premium,242,242,high,medium,6,namesilo,,,29/09/2026 09:07
46faa6a1-e476-411c-ac13-7eef8bb863d3,religion.team,available,2.27,29.18,high,low,8,spaceship,,,29/09/2026 18:54
c9b4bede-a393-4214-aa2f-326300a9c224,religion.careers,available,26.08,57.13,high,low,8,spaceship,,,29/09/2026 18:54
d49cd64f-b133-4bd9-bf9b-2088e90e421d,religion.bot,premium,1300,1300,high,low,8,namecheap,,,29/09/2026 18:54
25af4612-dbfa-4dbe-868f-ddb3bf6a6633,faith.industries,premium,207.2,207.2,high,low,5,spaceship,,,29/09/2026 18:54
99823e68-f9d2-4bab-a53e-2682ce26107e,church.soccer,available,25.99,25.99,high,medium,6,namesilo,,,29/09/2026 09:07
dd891009-2dc8-47b3-9a33-956c7d4ca6e7,church.zone,premium,854,854,high,medium,6,namesilo,,,29/09/2026 09:07
20fa4400-0f70-4246-ab22-d89634f75c1b,faith.skin,available,1.24,13.97,high,low,5,spaceship,,,29/09/2026 18:54
9494a3fc-296b-4e66-9c70-83b9a2bba402,church.gmbh,available,45.99,45.99,high,medium,6,namesilo,,,29/09/2026 09:07
b4bfb4ee-bd46-4863-8d53-a1b6d3585659,religion.skin,available,1.8,21.98,high,low,8,namecheap,,,29/09/2026 18:54
602665be-6589-48f4-8420-edebf6c3f971,religion.vet,available,43.98,52.98,high,low,8,namecheap,,,29/09/2026 18:54
2c67f6a2-d3c1-4e8f-90a8-92c67d096e94,faith.to,resell,,,high,low,5,Tonic,09/04/2023 02:27,01/08/2027 00:00,29/09/2026 18:54
a12a28fe-7256-43e2-af0c-d1fc6534bf0f,faith.security,available,1863.2,2000.18,high,low,5,spaceship,,,29/09/2026 18:54
4a966cfd-9a63-4870-92c5-317b2c952803,faith.gripe,available,5.38,5.38,high,low,5,spaceship,,,29/09/2026 18:54
f91097fd-e16d-4ba1-b4bc-9a4f70ece465,religion.ooo,available,22.21,22.21,high,low,8,dynadot,,,29/09/2026 18:54
2c553998-786d-45c7-8ed9-f89610954fa2,religion.archi,available,13.14,83,high,low,8,spaceship,,,29/09/2026 18:54
3f8288c2-ce58-4fcd-a440-979c6a42ce4c,religion.makeup,available,1.54,14.21,high,low,8,porkbun,,,29/09/2026 18:54
dde80dbf-d9ce-46eb-b8bc-fbf6728920b0,religion.bargains,available,13.14,23.94,high,low,8,spaceship,,,29/09/2026 18:54
cc7ec94d-6afe-4a25-af27-90d7f8736ce6,church.tel,resell,,,high,medium,6,"GoDaddy.com, LLC",03/02/2009 17:40,22/03/2027 23:59,29/09/2026 09:07
96962ef7-3273-412e-9892-1a2fef37d0d8,religion.discount,available,23.2,23.2,high,low,8,cloudflare,,,29/09/2026 18:54
72f88992-5b36-49ac-9bdb-bf7a0a4b3f6c,church.works,premium,414.2,414.2,high,medium,6,spaceship,,,29/09/2026 09:07
ebfc9d56-7578-4c45-8327-e7f3e41675d0,religion.ngo,available,15.2,15.2,high,low,8,cloudflare,,,29/09/2026 18:54
521d4e6e-9899-4eb2-9ca7-a776a047bb2f,faith.kim,available,5.38,18.83,high,low,5,spaceship,,,29/09/2026 18:54
6610df2f-aa7e-4bbc-8093-e1a5e11933cb,faith.fishing,premium,41.6,26.08,high,low,5,spaceship,,,29/09/2026 18:54
f74353f8-f937-4151-a566-4072bc3c01fa,religion.courses,available,1.24,31.28,high,low,8,spaceship,,,29/09/2026 18:54
02f5b2fc-03dd-4fa0-a5cc-5d23abe04aad,religion.prof,premium,111.25,,high,low,8,name.com,,,29/09/2026 18:54
6355aa93-7472-479a-b8a3-5ae14184943d,religion.plus,available,4.98,72.98,high,low,8,namecheap,,,29/09/2026 18:54
b31b1a47-6b06-414c-b81e-471363c3bd1b,faith.date,premium,390,65,high,low,5,namecheap,,,29/09/2026 18:54
c83b9d7d-aff6-4d69-9e00-11b1f13ac414,faith.memorial,premium,78.54,78.54,high,low,5,namesilo,,,29/09/2026 18:54
1a4ad4ab-d904-4aaa-8e0e-499f73d69fc2,faith.forum,premium,650,650,high,low,5,namecheap,,,29/09/2026 18:54
8d4c9455-c870-4abe-9aa0-30990a881682,church.review,premium,6900,116,high,medium,6,namesilo,,,29/09/2026 09:07
d48b408d-83fa-4ca9-92ae-fe66f2c856c6,religion.run,available,21.2,21.2,high,low,8,cloudflare,,,29/09/2026 18:54
cc72bb28-1354-48a5-bdf9-61fe4fe74b3d,religion.casa,premium,41.6,10.55,high,low,8,spaceship,,,29/09/2026 18:54
d1800ff5-05c9-46fd-98e6-05d955ffc0bf,faith.rentals,premium,207.2,207.2,high,low,5,spaceship,,,29/09/2026 18:54
cd2ceeb3-c349-47e4-ac5f-2bee1a21428c,faith.international,premium,34.36,34.36,high,low,5,spaceship,,,29/09/2026 18:54
72676cfb-a625-456f-99d0-cb3ceb07c581,church.gripe,premium,78.54,78.54,high,medium,6,namesilo,,,29/09/2026 09:07
93baf4e5-7f81-4d91-8d7a-579c6e60fd01,faith.sarl,available,5.2,5.2,high,low,5,cloudflare,,,29/09/2026 18:54
23b82fee-729d-4f2d-8fb2-603605929875,religion.network,resell,,,high,low,8,"NameSilo, LLC",10/12/2014 18:45,10/12/2026 18:45,29/09/2026 18:54
7e2e22ad-1d93-45fb-8b66-933af9a0e0e9,faith.accountants,available,90.2,90.2,high,low,5,cloudflare,,,29/09/2026 18:54
c75f60ef-5132-4bfb-b2a0-01490c6e87c1,religion.cars,available,1863.2,2064.2,high,low,8,spaceship,,,29/09/2026 18:54
7792cc87-ce71-4c73-b09d-7ca0d4562955,faith.barcelona,available,38.98,38.98,high,low,5,namecheap,,,29/09/2026 18:54
c1998bfe-b6f7-4cf2-a70a-884d733e27b0,faith.cool,premium,414.2,414.2,high,low,5,spaceship,,,29/09/2026 18:54
b0422e4f-1c8d-4671-9069-7ddc6b5155e4,religion.salon,available,45.74,45.74,high,low,8,spaceship,,,29/09/2026 18:54
d5b3c65c-caba-41a1-bc71-2b85ea5839b0,faith.loans,available,15.73,93.35,high,low,5,spaceship,,,29/09/2026 18:54
452f17a9-26ff-4c45-b67c-78f8120a9011,religion.voyage,available,5.57,48.37,high,low,8,dynadot,,,29/09/2026 18:54
066200c1-7b6c-44d9-b432-f200ee7ffb98,church.rest,premium,130.61,186.5,high,medium,6,spaceship,,,29/09/2026 09:07
bb81cdb8-3b42-40d1-a913-252ead4d09bd,church.salon,available,45.74,45.74,high,medium,6,spaceship,,,29/09/2026 09:07
8c7546e2-d816-44ae-aced-dc202a2e6989,faith.theatre,available,538.98,620,high,low,5,namecheap,,,29/09/2026 18:54
0f713da7-449c-4c3c-8e84-32e7751cb449,faith.help,premium,382.61,546.35,high,low,5,porkbun,,,29/09/2026 18:54
7fe0f4cd-4994-4cab-a72c-004b37e8f4e0,faith.sexy,premium,10350.2,10350.2,high,low,5,spaceship,,,29/09/2026 18:54
b59fca15-e02f-4d08-bc35-8a0867dbadf4,religion.kim,available,12,,high,low,8,unstoppable,,,29/09/2026 18:54
71f809fd-ad0d-4b4d-a060-a4cbc86f180f,faith.protection,available,2064.2,2064.2,high,low,5,spaceship,,,29/09/2026 18:54
b39e814c-98b9-48cd-bfea-f7de0754571e,faith.moda,available,10.92,34.46,high,low,5,dynadot,,,29/09/2026 18:54
852434a3-1178-46db-9761-53e9f4eba03b,religion.accountant,premium,385,55,high,low,8,dynadot,,,29/09/2026 18:54
a37eb692-4dc7-42e5-a94f-670a113859b9,religion.cv,premium,118.25,9.75,high,low,8,dynadot,,,29/09/2026 18:54
12af9fa6-1882-4639-bb91-5157130e737f,religion.movie,available,46,,high,low,8,unstoppable,,,29/09/2026 18:54
d5933e78-af54-4bd1-a704-e544a70bc97b,church.financial,premium,207.2,207.2,high,medium,6,spaceship,,,29/09/2026 09:07
eb9bd6b8-9328-4ec1-95d6-2b9f020f9396,church.tv,resell,,,high,medium,6,Dynadot Inc,16/10/2019 08:02,16/10/2027 08:02,02/10/2026 05:51
e8ae19ed-eef9-43b7-b823-9ce89219f077,church.wedding,premium,828.2,26.08,high,medium,6,spaceship,,,29/09/2026 09:07
2c3ae939-fee7-4bd8-847b-a233c460aee7,church.vip,premium,1107,17.7,high,medium,6,namesilo,,,29/09/2026 09:07
a437b49c-a53d-4d07-9a70-1d71fe151601,religion.football,available,20.9,20.9,high,low,8,spaceship,,,29/09/2026 18:54
88eb3e83-984a-4a3c-9963-ac5676824910,church.sh,resell,39.99,47.99,high,medium,6,"NameCheap, Inc.",17/01/2019 22:17,17/01/2026 22:17,29/09/2026 09:07
4671760d-80d5-4843-8584-9eae7c81dffe,faith.tech,premium,275,1100,high,low,5,dynadot,,,29/09/2026 18:54
b2a16ddd-8329-4fef-8640-397407f1d592,faith.green,premium,1552.7,1552.7,high,low,5,spaceship,,,29/09/2026 18:54
f0ef67a8-7b01-42fd-9a89-c43598b35d00,faith.srl,premium,50.6,28.04,high,low,5,dynadot,,,29/09/2026 18:54
01527001-8615-464f-b015-d77ed5a29041,church.mov,premium,499.2,,high,medium,6,unstoppable,,,29/09/2026 09:07
030d1db7-4100-4a3c-99f1-4989c99a317b,faith.engineer,available,30.2,30.2,high,low,5,cloudflare,,,29/09/2026 18:54
4de0f365-1a99-4d82-9451-d08be33e55ce,religion.ac,available,45,45,high,low,8,cloudflare,,,29/09/2026 18:54
3b3f345e-6742-41ac-bb17-fb5521f13d1f,religion.sbs,premium,59.71,119.23,high,low,8,spaceship,,,29/09/2026 18:54
540aa051-80ab-421d-9aad-fddeeaa5ff7f,faith.surgery,premium,242,242,high,low,5,namesilo,,,29/09/2026 18:54
6636ba50-36f7-4e01-a787-0a4f5b8aadb6,church.auction,premium,,,high,medium,6,,,,29/09/2026 09:07
92dd59a4-9391-4f4a-949e-fb36d9004149,religion.biz,premium,25.5,23.4,high,low,8,unstoppable,,,29/09/2026 18:54
0257913c-a34c-44f8-b810-ecc2ae9fac79,faith.delivery,premium,99.5,118.8,high,low,5,unstoppable,,,29/09/2026 18:54
cb06ec5c-c47f-48be-b618-f50445b81352,church.mobile,premium,328.02,328.02,high,medium,6,porkbun,,,29/09/2026 09:07
e498bf93-59d0-4cd7-b94f-93646c395bcc,religion.black,available,15.96,52.01,high,low,8,porkbun,,,29/09/2026 18:54
bbb8d751-02b0-4356-b189-39f6e3535dc3,religion.legal,available,55.2,55.2,high,low,8,cloudflare,,,29/09/2026 18:54
da927e4d-e1ec-4160-80a9-077a7c59dfa0,religion.juegos,available,321.22,321.22,high,low,8,dynadot,,,29/09/2026 18:54
c7e0239f-ac36-4489-a3f9-da22d8808443,faith.blackfriday,available,103.7,103.7,high,low,5,spaceship,,,29/09/2026 18:54
4c645e84-31c2-4e4e-9257-f21db016af71,religion.chat,available,5.38,36.43,high,low,8,spaceship,,,29/09/2026 18:54
bb2f5ada-87ef-4fe5-817d-95017b30c7b4,faith.futbol,available,13.2,13.2,high,low,5,cloudflare,,,29/09/2026 18:54
7bd64c46-9249-4423-a64c-fa95e64f2743,religion.pictures,available,8.24,12.87,high,low,8,porkbun,,,29/09/2026 18:54
6f24b78d-14b8-495f-acb9-d1e9b6863574,church.finance,resell,,,high,medium,6,"Sav.com, LLC",18/02/2025 17:00,18/02/2027 17:00,29/09/2026 09:07
da42f7e6-ea41-4f7b-a091-9ffa1672f96c,religion.mom,available,1.24,26,high,low,8,spaceship,,,29/09/2026 18:54
78a09174-e288-41d8-b78c-95da330baf92,church.furniture,resell,,,high,medium,6,"Global Domains International, Inc. DBA DomainCostClub.com",21/04/2025 15:31,21/04/2027 15:31,29/09/2026 09:07
805327a4-899b-4f97-891f-7c1285908f4c,spirituality.so,available,,,high,high,12,,,,
182d607d-c72f-44f8-b2ec-d08c4c6e22db,religion.technology,resell,,,high,low,8,"GoDaddy.com, LLC",28/06/2014 03:40,28/06/2027 03:40,29/09/2026 18:54
b4d8d238-dae5-4d8d-ae80-8b19a1872020,faith.mobile,premium,310.7,310.7,high,low,5,spaceship,,,29/09/2026 18:54
a48e26cd-c9c7-466d-9d08-77894a52ce06,church.immobilien,available,29.2,29.2,high,medium,6,cloudflare,,,29/09/2026 09:07
cdcf0fab-9ada-4aec-bf9c-e858d5635054,faith.estate,resell,,,high,low,5,,,,29/09/2026 18:54
80c563fe-e93c-4f09-a9a8-3eca815a26fa,church.watch,premium,400.5,,high,medium,6,unstoppable,,,29/09/2026 09:07
fd5895db-efce-4065-975c-e0fd7fc6a9be,church.mba,available,10.55,31.25,high,medium,6,spaceship,,,29/09/2026 09:07
824233d5-9ee0-4078-a269-a9be5e6b46fa,faith.build,premium,517.7,517.7,high,low,5,spaceship,,,29/09/2026 18:54
265f81a5-5f29-4ade-9f70-ce735318cd81,religion.hot,premium,103.7,103.7,high,low,8,spaceship,,,29/09/2026 18:54
4099a512-a824-4529-ae40-e9588edac62d,faith.gallery,premium,85.8,85.8,high,low,5,namecheap,,,29/09/2026 18:54
2232f175-5189-4c0c-9835-ff6fc4671197,faith.country,available,2064.2,2064.2,high,low,5,spaceship,,,29/09/2026 18:54
126197dd-3c54-438f-9b28-34c0ec643205,religion.boston,available,24.98,30.98,high,low,8,namecheap,,,29/09/2026 18:54
06520f09-147b-4b1b-8b80-7a8340ec1043,faith.jetzt,available,18.83,18.83,high,low,5,spaceship,,,29/09/2026 18:54
904e9364-3afd-4df4-89d7-784583bd05da,religion.cloud,premium,1035.2,2070.2,high,low,8,spaceship,,,29/09/2026 18:54
5e01c1be-44d6-4529-84f6-d5a63c39ad95,faith.download,premium,5500,110,high,low,5,dynadot,,,29/09/2026 18:54
b0814f85-b483-4b80-86ef-c9228708e8e4,religion.cheap,available,5.66,29.35,high,low,8,porkbun,,,29/09/2026 18:54
c9a6366d-83e6-4f9a-a199-51a4997b7801,faith.villas,premium,109.53,218.86,high,low,5,porkbun,,,29/09/2026 18:54
c671a6e0-38c8-429c-8a3e-29bea9b90435,religion.uno,premium,1035.2,1035.2,high,low,8,spaceship,,,29/09/2026 18:54
1195d3c3-f12f-4878-b413-c788cdca4a65,religion.rip,available,4.5,19.48,high,low,8,dynadot,,,29/09/2026 18:54
9de98c67-bfe6-46e1-96de-44ee11af92c3,church.ing,premium,437.5,,high,medium,6,name.com,,,29/09/2026 09:07
c8e07336-97d8-479f-8659-b01883a5e8f5,faith.black,premium,85.8,85.8,high,low,5,namecheap,,,29/09/2026 18:54
dd443749-d810-4fe3-a27a-d08a41747a7c,religion.plumbing,available,76.98,89.98,high,low,8,namecheap,,,29/09/2026 18:54
75658526-4b07-4064-b8bf-b16d1e343862,faith.realty,available,280.2,280.2,high,low,5,cloudflare,,,29/09/2026 18:54
9edd6e8d-cdc1-4025-bbe3-ebd4f544732b,faith.shiksha,available,10.55,41.6,high,low,5,spaceship,,,29/09/2026 18:54
48e5c0da-f81c-423d-9cf9-124ee863998f,church.how,premium,185.47,185.47,high,medium,6,spaceship,,,29/09/2026 09:07
346066db-620e-4d62-9cf2-b9b3e1526e00,church.ventures,resell,,,high,medium,6,"Sav.com, LLC - 35",04/04/2026 15:15,04/04/2027 15:15,29/09/2026 09:07
9b2949e6-9e4f-42f3-8ade-812db96f3554,religion.haus,available,10.55,27.11,high,low,8,spaceship,,,29/09/2026 18:54
20e701a9-e004-4cad-a299-db1412f54eb9,religion.solar,available,51.95,51.95,high,low,8,spaceship,,,29/09/2026 18:54
6023a151-5f2e-4cd1-bac6-2a62050c38f4,religion.irish,available,5.57,18.41,high,low,8,dynadot,,,29/09/2026 18:54
be82c5a8-fd3e-41a9-b826-3cccb3bae946,faith.voyage,available,45.2,45.2,high,low,5,cloudflare,,,29/09/2026 18:54
7d85149b-4428-4c8e-a3d2-0419f1b52587,religion.exchange,available,12,,high,low,8,unstoppable,,,29/09/2026 18:54
b709701e-e59b-4064-a63f-1f9622c58eea,church.travel,available,27.99,149.99,high,medium,6,namesilo,,,29/09/2026 09:07
5f903c3a-8ad3-46aa-ad15-97545eb71af9,church.florist,available,31.98,41.98,high,medium,6,namecheap,,,29/09/2026 09:07
1b6f94b8-8086-4edf-961e-ba2df4ea9c99,religion.gg,available,53.5,53.5,high,low,8,dynadot,,,29/09/2026 18:54
da814e9b-761e-44f1-a3e3-1e906a2fe9d9,church.bet,resell,,,high,medium,6,Dynadot Inc,27/06/2026 17:00,27/06/2027 17:00,29/09/2026 09:07
58f57546-b36c-4e68-bd16-ead5e9f90f7e,church.markets,available,7,,high,medium,6,unstoppable,,,29/09/2026 09:07
fc9bb1df-40ee-4771-ab34-6b9c7a591efb,faith.ryukyu,available,17.98,22.98,high,low,5,namecheap,,,29/09/2026 18:54
ac17965d-43af-45fe-8cc9-280e368639be,religion.degree,premium,242,242,high,low,8,namesilo,,,29/09/2026 18:54
c5a86eb4-250f-4f14-978c-875ca576d689,faith.charity,premium,207.2,207.2,high,low,5,spaceship,,,29/09/2026 18:54
72d76a2f-eed8-4156-89de-ba16b7381cb6,faith.gay,premium,103.7,103.7,high,low,5,spaceship,,,29/09/2026 18:54
660da7a4-9583-4222-80ed-0ea2f4455795,church.tennis,available,51.95,51.95,high,medium,6,spaceship,,,29/09/2026 09:07
7db28eb8-5d98-4d16-b78d-3161777c511d,religion.parts,available,32.2,32.2,high,low,8,cloudflare,,,29/09/2026 18:54
0c0a01db-39d9-46e4-9775-29b76867761b,religion.car,available,2140.22,2140.22,high,low,8,dynadot,,,29/09/2026 18:54
0bea3724-d103-4904-83fc-ab9586c42f1c,faith.exposed,premium,207.2,207.2,high,low,5,spaceship,,,29/09/2026 18:54
13d28e9b-8aec-4498-bddc-187827a43648,religion.voto,available,10.55,55.93,high,low,8,spaceship,,,29/09/2026 18:54
ba8d08c6-977a-4022-8733-5786361d6f37,spirituality.faith,premium,448,53.92,high,low,12,namesilo,,,30/09/2026 06:12
4310bb4f-fe74-44aa-8d8f-88eede280f9a,faith.ski,available,26.5,,high,low,5,unstoppable,,,29/09/2026 18:54
eecbe099-efb6-4214-a18c-40d94cc09e45,church.zip,premium,499.2,,high,medium,6,unstoppable,,,29/09/2026 09:07
6324bf5f-6afe-4c02-94a6-45183563002e,church.diy,premium,640,640,high,medium,6,namesilo,,,29/09/2026 09:07
590a4095-19d3-42bf-b17d-270cdd8d3e58,church.ski,available,27.99,64.99,high,medium,6,namesilo,,,29/09/2026 09:07
4c1532a7-d389-4448-b3d5-aaa7e8f7245c,church.dating,premium,207.2,207.2,high,medium,6,spaceship,,,29/09/2026 09:07
48f2a9c7-7599-4f57-ba11-6a906d3d0980,religion.meme,premium,155.45,155.45,high,low,8,spaceship,,,29/09/2026 18:54
b81dcca9-87ea-442d-a5fc-64e7b6bd44e1,church.parts,premium,118.8,118.8,high,medium,6,namesilo,,,29/09/2026 09:07
afcb0740-fef6-4180-8ca0-4fb40bca15ac,religion.tv,resell,,,high,low,8,"GoDaddy.com, LLC",20/01/2012 09:01,20/01/2027 09:01,29/09/2026 18:54
5ac9918c-0140-42bc-bbd6-ed20de93094d,faith.domains,premium,414.2,414.2,high,low,5,spaceship,,,29/09/2026 18:54
33e12976-8279-4793-90e0-b8aa174e1ec5,faith.cash,premium,102.67,102.67,high,low,5,spaceship,,,29/09/2026 18:54
c2313ea9-78b8-4fe5-be07-52428eac1bad,religion.enterprises,available,11,,high,low,8,unstoppable,,,29/09/2026 18:54
2b5448f2-f82f-4a07-a3fe-85bcec88484f,religion.toys,available,17,,high,low,8,unstoppable,,,29/09/2026 18:54
30e78161-2054-4ae8-9b7d-63fe4409ec57,faith.buzz,premium,414.2,103.7,high,low,5,spaceship,,,29/09/2026 18:54
f4918052-dc8f-4b20-ad28-eb8032528274,faith.bingo,available,42.64,42.64,high,low,5,spaceship,,,29/09/2026 18:54
bf3b31d2-e386-4d16-a35a-94101aeb02ad,religion.sarl,available,5.38,5.38,high,low,8,spaceship,,,29/09/2026 18:54
be9fc521-e81e-4334-a02b-0fed0cc96fe4,religion.clinic,available,10.55,51.95,high,low,8,spaceship,,,29/09/2026 18:54
44530781-6c31-40ed-af78-21ab04c7d24b,religion.sexy,available,2998,3298,high,low,8,namecheap,,,29/09/2026 18:54
48481cd2-10af-4d79-84ba-aa70faf7b690,faith.yoga,premium,207.2,26.08,high,low,5,spaceship,,,29/09/2026 18:54
d15b080c-5cef-49f5-8389-f39c854fb367,faith.auction,available,28.2,28.2,high,low,5,cloudflare,,,29/09/2026 18:54
4f3096c5-6356-41cd-9746-1a5d40a7c154,religion.photography,available,28.2,28.2,high,low,8,cloudflare,,,29/09/2026 18:54
0aeb2c5f-e567-4d82-a71a-5cc854b176c4,church.equipment,resell,,,high,medium,6,"Global Domains International, Inc. DBA DomainCostClub.com",25/03/2020 19:54,25/03/2027 19:54,29/09/2026 09:07
6e267667-47ae-41c0-90e8-5e8e46f2cc72,religion.vacations,available,40.98,49.98,high,low,8,namecheap,,,29/09/2026 18:54
30a45713-f43d-4051-9761-27fe2f31e822,church.hospital,resell,,,high,medium,6,Squarespace Domains II LLC,30/07/2019 01:33,30/07/2032 01:33,29/09/2026 09:07
01c0775d-3a4e-4478-8a99-077ca8c1f1b7,church.help,resell,,,high,medium,6,Dynadot Inc,02/12/2024 10:56,02/12/2026 23:59,29/09/2026 09:07
ec4d0bd8-1e3f-4f08-9ada-1cbef5e0de94,religion.tienda,available,46.2,46.2,high,low,8,cloudflare,,,29/09/2026 18:54
93ebf729-ef9e-4151-ab5b-b5e57959aa4b,religion.town,available,8.5,,high,low,8,unstoppable,,,29/09/2026 18:54
26a0dbab-34f6-497f-8e8e-31f19bdc4389,religion.london,available,10.18,28.2,high,low,8,spaceship,,,29/09/2026 18:54
b572ad43-374e-4fe9-ac33-e3d1ad7c9430,religion.navy,available,43.98,45.98,high,low,8,namecheap,,,29/09/2026 18:54
62746dc2-3d31-4c93-843d-baedc5c271a5,faith.cyou,premium,390,780,high,low,5,namecheap,,,29/09/2026 18:54
337c0571-6d54-498b-9732-99268f16aab0,faith.care,premium,51.43,102.67,high,low,5,spaceship,,,29/09/2026 18:54
1a9261db-b747-43ec-9e99-7acce97431bd,religion.style,available,16,,high,low,8,unstoppable,,,29/09/2026 18:54
083936cf-4d4d-4537-9eb9-ed44b5729763,faith.luxe,premium,83,15.73,high,low,5,spaceship,,,29/09/2026 18:54
1f0ae04e-70db-43b4-9dfa-0fb15d49d9b3,church.domains,premium,220,220,high,medium,6,dynadot,,,29/09/2026 09:07
45ba3cfc-6ab1-41eb-895a-08522e9ef3bc,church.video,premium,650,1300,high,medium,6,namecheap,,,29/09/2026 09:07
c5e8e6c7-b6c6-4a04-9cd1-e06b54784266,faith.solutions,resell,,,high,low,5,UM DOMAINS PTE. LTD,17/03/2026 15:15,17/03/2027 15:15,29/09/2026 18:54
0c42f422-4a16-47d6-950f-626cc96264a0,religion.forsale,premium,108.9,108.9,high,low,8,dynadot,,,29/09/2026 18:54
7fde01d6-fa8c-4142-9112-d4a5e25c6c9f,religion.auto,available,2060.25,2064.19,high,low,8,porkbun,,,29/09/2026 18:54
5e77cb25-dc62-472c-8002-499657e03567,church.dental,premium,242,242,high,medium,6,namesilo,,,29/09/2026 09:07
40a1727e-8118-4cff-b12a-80c1a0bbaf06,religion.theater,available,51.95,51.95,high,low,8,spaceship,,,29/09/2026 18:54
10e39caa-d553-4eea-9931-7cd3b53ce82b,church.tours,resell,,,high,medium,6,"Sav.com, LLC - 40",17/08/2025 15:15,17/08/2027 15:15,29/09/2026 09:07
d10c76da-700a-4d61-a007-8a20d6f81414,religion.loan,premium,455,65,high,low,8,namecheap,,,29/09/2026 18:54
d607563d-9837-44fc-9e45-21e9284c1a8a,faith.ong,premium,55.11,27.82,high,low,5,porkbun,,,29/09/2026 18:54
914123cc-0f47-4bae-afc6-65be47d5028e,religion.holiday,available,51.95,51.95,high,low,8,spaceship,,,29/09/2026 18:54
848465d9-7e8a-40d3-ab13-2d4027ff5949,church.farm,premium,500,,high,medium,6,name.com,,,29/09/2026 09:07
55f75853-1bb6-4c6f-a69f-686b39f89db3,religion.dev,premium,164.77,164.77,high,low,8,spaceship,,,29/09/2026 18:54
3ef24785-f9a2-46a3-b8ef-c524f6b13433,religion.ag,available,82.5,82.5,high,low,8,dynadot,,,29/09/2026 18:54
85668031-31cf-412f-82b3-e9ff0164390f,faith.place,premium,130,260,high,low,5,namecheap,,,29/09/2026 18:54
6c460f74-c4c9-4f62-8dca-ffffbe49edd8,church.actor,available,8.48,35.39,high,medium,6,spaceship,,,29/09/2026 09:07
7ad87dde-da69-4031-bfec-b2f0c961d18c,church.blackfriday,available,114.99,114.99,high,medium,6,namesilo,,,29/09/2026 09:07
9b2b18f2-f5cd-4c0c-83f2-472de29ddc80,religion.tickets,available,326.21,388.33,high,low,8,spaceship,,,29/09/2026 18:54
286cf033-e50e-42c8-affe-32b930326e4b,faith.surf,premium,41.6,26.08,high,low,5,spaceship,,,29/09/2026 18:54
58c22e56-62dc-496f-94d7-198de673a5bc,religion.furniture,available,26.5,,high,low,8,unstoppable,,,29/09/2026 18:54
0e740995-a04e-4852-a5b9-ecbaceedef66,faith.website,premium,650,1300,high,low,5,namecheap,,,29/09/2026 18:54
09539448-da65-4b22-b334-3b7a359e9781,faith.supply,premium,102.67,102.67,high,low,5,spaceship,,,29/09/2026 18:54
a074cf60-3def-45ca-bd51-0bf60cc6c481,spirituality.yoga,resell,,,high,low,12,,,,30/09/2026 06:12
11289c4d-d406-43d4-863f-2e9c07c4694f,religion.forum,available,2.99,32.32,high,low,8,dynadot,,,29/09/2026 18:54
4bdfa5d7-df3b-48e5-935d-18b9d4767fe4,church.science,premium,116,29.5,high,medium,6,namesilo,,,29/09/2026 09:07
77dacce0-b9c8-454a-ba21-58feddb5d370,faith.agency,resell,,,high,low,5,UM DOMAINS PTE. LTD,13/05/2026 15:15,13/05/2027 15:15,29/09/2026 18:54
e9d3c4b2-1501-492d-bf47-98f135357bdb,religion.graphics,available,18.83,18.83,high,low,8,spaceship,,,29/09/2026 18:54
ea221eff-05dd-44bd-bad2-6f1e10a607fd,church.site,premium,6900,6900,high,medium,6,namesilo,,,29/09/2026 09:07
476c32f2-3cfd-4a77-960b-e00e12e65fc7,church.menu,available,27.99,27.99,high,medium,6,namesilo,,,29/09/2026 09:07
d9e23905-e84a-4a4a-8e4c-cb26877fbe28,religion.hockey,available,61,,high,low,8,unstoppable,,,29/09/2026 18:54
d5484ce9-877e-4145-9b2d-ffe404f2b8a1,religion.productions,available,8.24,32.44,high,low,8,porkbun,,,29/09/2026 18:54
1cbce127-98b3-42d4-9de3-a759b7025aa1,religion.cooking,available,26.08,26.08,high,low,8,spaceship,,,29/09/2026 18:54
b681833a-e7fb-4871-a355-a094c4582f64,church.maison,premium,54.36,108.6,high,medium,6,porkbun,,,29/09/2026 09:07
98824ab1-b1d9-4f11-a1a5-f986a6ed49e2,religion.audio,available,93.35,103.4,high,low,8,spaceship,,,29/09/2026 18:54
ccd46952-77f9-41f4-afb5-bac12c760033,religion.bid,premium,1300,130,high,low,8,namecheap,,,29/09/2026 18:54
71a72ce8-16d4-43a5-937a-580a83045a1c,religion.university,available,10.81,49.95,high,low,8,porkbun,,,29/09/2026 18:54
2d0dcc95-3f09-4485-bcdc-4b3dd294cd87,faith.recipes,available,5.48,95.98,high,low,5,namecheap,,,29/09/2026 18:54
464cf285-59d9-4e6e-845d-0039b4e0a01b,faith.college,resell,,,high,low,5,"GoDaddy.com, LLC",15/12/2025 16:33,15/12/2026 23:59,29/09/2026 18:54
c9b4a273-dc67-49c6-ab45-78045cee7c38,church.industries,premium,118.8,118.8,high,medium,6,namesilo,,,29/09/2026 09:07
5cdc517b-a627-447b-972f-91095bfb2b94,faith.wtf,premium,207.2,207.2,high,low,5,spaceship,,,29/09/2026 18:54
2cdf2e1c-3569-42dc-b2d6-71c5e9a55cde,faith.zone,resell,,,high,low,5,"DNSPod, Inc.",24/02/2020 04:51,24/02/2027 04:51,29/09/2026 18:54
3a6da431-fa70-47c1-8a75-17d17634b2bc,religion.city,available,7,,high,low,8,unstoppable,,,29/09/2026 18:54
b823a367-9ea6-490d-966b-ec0e2d2a1264,faith.juegos,available,309.47,309.47,high,low,5,porkbun,,,29/09/2026 18:54
df1050a8-e06c-42cf-b52b-31875c39ac5e,faith.family,premium,260,260,high,low,5,namecheap,,,29/09/2026 18:54
977fa2e1-731e-4b8b-a1f5-df0b2f6426b4,religion.cx,available,19.98,26.98,high,low,8,namecheap,,,29/09/2026 18:54
39a307ab-4dac-41d3-8a7c-31d791663357,church.shoes,premium,128.7,128.7,high,medium,6,namecheap,,,29/09/2026 09:07
02240e75-fab8-481f-a85f-6996572a4ba9,religion.claims,available,10.55,51.95,high,low,8,spaceship,,,29/09/2026 18:54
2f01d7dd-23e8-47e1-a658-635b151e56f4,religion.rentals,available,10.5,,high,low,8,unstoppable,,,29/09/2026 18:54
6a91bdf1-69ac-4e80-a973-f3d8c69e289b,faith.qpon,premium,546.35,22.31,high,low,5,porkbun,,,29/09/2026 18:54
e82700ef-6554-43ec-831f-87d1244b8e07,religion.fashion,available,26.08,26.08,high,low,8,spaceship,,,29/09/2026 18:54
1e549ebe-155f-41e8-b368-5839ced28af2,religion.care,available,10.03,35.39,high,low,8,spaceship,,,29/09/2026 18:54
b512f2ee-e7ff-406b-94ef-6a4cd23dffa4,religion.fan,available,42.2,42.2,high,low,8,cloudflare,,,29/09/2026 18:54
635f1873-c0b1-41c3-ad4e-77c4a459ad26,faith.cards,premium,414.2,414.2,high,low,5,spaceship,,,29/09/2026 18:54
333c45c9-c85c-4da5-aee1-431157a317a0,religion.cricket,premium,437.5,,high,low,8,name.com,,,29/09/2026 18:54
d087dc9c-4917-46a6-841f-9c01af706118,religion.limo,available,43.67,43.67,high,low,8,spaceship,,,29/09/2026 18:54
81c0388e-9eb0-411f-89ba-dea31fc6b6f4,religion.vegas,available,15.96,43.39,high,low,8,porkbun,,,29/09/2026 18:54
a740eca3-ae6d-48af-a893-a111e0dba56d,church.meme,premium,672.95,672.95,high,medium,6,spaceship,,,29/09/2026 09:07
f3158f37-0a1f-4d3f-9bf3-54c8406e8230,religion.yachts,available,1.99,14.45,high,low,8,dynadot,,,29/09/2026 18:54
a6ff1e54-eb92-4e6e-9864-93be8dda9846,belief.viajes,available,37.99,37.99,high,low,6,namesilo,,,23/09/2026 05:12
58511893-f9db-4982-becd-6c49b0b646e7,religion.contact,available,11.59,11.59,high,low,8,spaceship,,,29/09/2026 18:54
58e40e85-23f5-423e-9a65-82a739c04f5a,faith.asia,resell,,,high,low,5,"NameSilo, LLC",18/07/2026 18:14,18/07/2027 18:14,29/09/2026 18:54
8fa00db6-f190-4605-88c0-fe4e99c0b447,church.engineering,premium,128.7,128.7,high,medium,6,namecheap,,,29/09/2026 09:07
716c694d-0510-4783-8f31-fb4f7afc93fd,faith.loan,premium,5175.2,103.7,high,low,5,spaceship,,,29/09/2026 18:54
12c87820-b9c8-43cd-b4fa-3f63d7ca38cb,faith.codes,available,3.98,92.98,high,low,5,namecheap,,,29/09/2026 18:54
5b186057-ba0a-4942-a3de-54ecf4a77eb7,religion.bingo,available,41.2,41.2,high,low,8,cloudflare,,,29/09/2026 18:54
6b147556-a255-4ef6-b1c1-5cf2a07ebc24,faith.porn,available,101.87,101.87,high,low,5,dynadot,,,29/09/2026 18:54
f8d86f84-e7d1-49cd-8329-7330fdbe7dc6,church.luxe,premium,414.2,15.73,high,medium,6,spaceship,,,29/09/2026 09:07
6d98829f-10c6-4c4c-b4ba-f07b10ea73f7,faith.ing,premium,437.5,,high,low,5,name.com,,,29/09/2026 18:54
f56d4827-aca7-4555-9c2d-5feb64bdab4a,faith.motorcycles,available,1.24,13.97,high,low,5,spaceship,,,29/09/2026 18:54
8a5aff6b-545a-4a1b-a262-ddf3f22d9e49,faith.republican,available,5.57,26.97,high,low,5,dynadot,,,29/09/2026 18:54
c2dc272a-0706-4f28-9928-869801f2629c,church.channel,premium,516.67,516.67,high,medium,6,spaceship,,,29/09/2026 09:07
71cd269e-bb40-4e63-a483-3c52ee8d3953,church.photo,premium,103.7,103.7,high,medium,6,spaceship,,,29/09/2026 09:07
faddb90f-d46e-49be-bc65-72e3af103341,belief.tours,available,10.99,61.99,high,low,6,namesilo,,,23/09/2026 05:12
cb950b7c-dce1-45d0-8312-83102584940f,religion.school,available,29.18,29.18,high,low,8,spaceship,,,29/09/2026 18:54
87b34c6f-336c-4bd7-84fb-466653277b1c,religion.golf,available,6.41,51.95,high,low,8,spaceship,,,29/09/2026 18:54
2db2c7b3-f605-43bd-974d-409b96e57a91,faith.bz,available,21.98,26.98,high,low,5,namecheap,,,29/09/2026 18:54
fe9f62bd-c7c8-4657-b471-c1f788552a2b,belief.at,available,11.99,11.99,high,low,6,namesilo,,,23/09/2026 05:12
45760c65-6d3a-4b7b-9a46-48a3e1ff0784,church.nexus,premium,499.2,,high,medium,6,unstoppable,,,29/09/2026 09:07
3c0939ce-e612-468a-9482-75e3d35f83a0,spirituality.reise,available,77.83,77.83,high,low,12,spaceship,,,30/09/2026 06:12
f86c90b6-fadf-446f-b018-2318a6cf21ec,church.college,premium,242,242,high,medium,6,namesilo,,,29/09/2026 09:07
646d0bb6-4c9b-4d31-886f-72b0a2b20041,religion.promo,available,11.98,33.48,high,low,8,namecheap,,,29/09/2026 18:54
86b3ccad-0428-40c1-8706-d335ba7cbd98,faith.careers,available,55.2,55.2,high,low,5,cloudflare,,,29/09/2026 18:54
5a70c0f9-9f5d-4bcb-8268-32b58b35aba9,religion.healthcare,available,68.2,68.2,high,low,8,cloudflare,,,29/09/2026 18:54
350f93fe-00cc-4b78-b096-93aafe0e6dfc,faith.phd,premium,340.72,340.72,high,low,5,spaceship,,,29/09/2026 18:54
2cd1b919-1495-4a7f-a632-3c46b8d6809f,religion.security,available,2070,2950,high,low,8,namecheap,,,29/09/2026 18:54
a26d1cc5-cfcf-4a41-8557-4873e4516711,religion.phd,premium,92.32,92.32,high,low,8,spaceship,,,29/09/2026 18:54
8d043a08-b144-443d-9758-03c484a2606d,church.diamonds,available,54.99,54.99,high,medium,6,namesilo,,,29/09/2026 09:07
2e20d617-611b-490e-8404-1ffcc51759df,church.hosting,premium,1419.68,1419.68,high,medium,6,porkbun,,,29/09/2026 09:07
b7b06080-c878-4c93-a264-82f1ea86f9c4,religion.hamburg,available,69.98,73.98,high,low,8,namecheap,,,29/09/2026 18:54
e6ed6ec1-eb66-4099-8645-fcb89c35de93,faith.auto,available,1863.2,2064.2,high,low,5,spaceship,,,29/09/2026 18:54
eaa1ec09-7ab5-4596-8a37-011c52290967,religion.moe,premium,88,13.06,high,low,8,dynadot,,,29/09/2026 18:54
1477c3bd-32f9-4c99-bfcc-5a0053ec3ae9,church.game,premium,1345.7,1345.7,high,medium,6,spaceship,,,29/09/2026 09:07
a25a8abe-7395-4ad9-acad-d0441b2ad40e,church.kim,available,5.38,18.83,high,medium,6,spaceship,,,29/09/2026 09:07
c8f14f0e-b02f-4a0c-bb1e-1d9598069783,belief.voyage,available,58.99,58.99,high,low,6,namesilo,,,23/09/2026 05:12
2404786a-5aa8-412e-b837-6576b6127614,spirituality.bid,premium,382.61,55.11,high,low,12,porkbun,,,30/09/2026 06:12
8579b7b7-7e93-4c56-94fb-6a0e648b37b8,church.creditcard,available,156.98,168.98,high,medium,6,namecheap,,,29/09/2026 09:07
49b88e5b-ac4a-4b61-aa9b-e6d8eb5cfadb,faith.cruises,premium,242,242,high,low,5,namesilo,,,29/09/2026 18:54
3d639a18-1c5d-4158-9138-2016a1f61005,faith.boats,available,1.24,13.97,high,low,5,spaceship,,,29/09/2026 18:54
8cdfa659-2387-44be-8659-f2419a9f18dd,faith.space,premium,1750,7000,high,low,5,namecheap,,,29/09/2026 18:54
a066a566-504c-41ce-8373-e9d29bf5368f,religion.ceo,premium,413.37,413.37,high,low,8,spaceship,,,29/09/2026 18:54
e852c986-86fa-42e7-b13e-8b3a48e95b26,religion.observer,premium,11.44,11.44,high,low,8,porkbun,,,29/09/2026 18:54
a9def47b-ef52-4bc2-a638-de99c766977c,faith.associates,premium,242,242,high,low,5,namesilo,,,29/09/2026 18:54
3141386b-666a-4e37-85c6-35e01fe613ed,faith.singles,resell,12.99,,high,low,5,name.com,,,29/09/2026 18:54
d8f51a63-e7ca-49c1-b7f9-c6a008fd7609,faith.guitars,premium,2070.2,2070.2,high,low,5,spaceship,,,29/09/2026 18:54
b4fbd071-fe89-4859-9217-153bba065b48,faith.dentist,premium,102.67,102.67,high,low,5,spaceship,,,29/09/2026 18:54
5e5a2296-b39f-4edd-a6bb-c0d3e7225e9d,faith.bid,available,4.18,5.18,high,low,5,cloudflare,,,29/09/2026 18:54
ecc4ffda-5f36-4612-8b26-1e5dcdb19b58,spirituality.hamburg,available,69.98,73.98,high,low,12,namecheap,,,30/09/2026 06:12
9862988b-0609-4f0d-86e3-50c1ae1fed9c,spirituality.guitars,available,93.35,103.4,high,low,12,spaceship,,,30/09/2026 06:12
6e21d922-5e4c-4b10-a3aa-e07bee5ea444,spirituality.soy,available,18.78,18.78,high,low,12,spaceship,,,30/09/2026 06:12
33f92586-3a0c-4011-b371-eb8129d60727,religion.boo,premium,76.7,76.7,high,low,8,namecheap,,,29/09/2026 18:54
b51c7b6f-c47d-4a0e-bc7c-9e16762b2d49,religion.cat,available,26.98,38.98,high,low,8,namecheap,,,29/09/2026 18:54
d2200427-7bc5-462f-b95b-00ddfb140513,faith.maison,available,45.74,45.74,high,low,5,spaceship,,,29/09/2026 18:54
782395b8-e331-46f1-8137-a1850cbdb564,church.forum,premium,437.5,,high,medium,6,name.com,,,29/09/2026 09:07
4b1a74d7-6240-4593-ad45-a0aa7694b3ac,spirituality.art,premium,17.7,,high,low,12,unstoppable,,,30/09/2026 06:12
5dc852fb-5bb0-4dad-b197-3441edd01f9e,religion.click,available,10.2,10.2,high,low,8,cloudflare,,,29/09/2026 18:54
cccf139b-dc82-4d44-9f36-0b07944c5cac,faith.osaka,available,26.97,26.97,high,low,5,dynadot,,,29/09/2026 18:54
ddb5db34-1a2e-4c67-8a7c-689ea5c8232a,faith.business,premium,118.8,118.8,high,low,5,namesilo,,,29/09/2026 18:54
2838cc2a-67b9-4f93-bbf9-e5bf2c233f60,church.gold,resell,,,high,medium,6,"DNSPod, Inc.",12/01/2024 15:15,12/01/2027 15:15,29/09/2026 09:07
1d80c399-6b14-41ed-b3fe-1fee527270c2,faith.cfd,resell,,,high,low,5,"Global Domains International, Inc. DBA DomainCostClub.com",20/04/2022 14:57,20/04/2028 23:59,29/09/2026 18:54
51a7078a-a590-4bd4-b891-edc3c1b9d88a,church.doctor,available,5.98,154.98,high,medium,6,namecheap,,,29/09/2026 09:07
5491869c-9ed4-48d5-9f13-0ddab2d0d54d,belief.auto,available,1999.99,2199,high,low,6,namesilo,,,23/09/2026 05:12
230ec320-2464-4e5a-9596-8231f759fec6,church.rich,available,94.99,1999,high,medium,6,namesilo,,,29/09/2026 09:07
c485f610-a914-4280-9461-86ddcb4f7e7d,belief.football,available,25.99,25.99,high,low,6,namesilo,,,23/09/2026 05:12
d0e00f77-d3b8-459a-a9bf-14cefe98182d,spirituality.luxury,available,26,26,high,low,12,spaceship,,,30/09/2026 06:12
6ff628a1-082b-495d-ad94-61a54e4cf49f,religion.ninja,available,10.55,25.04,high,low,8,spaceship,,,29/09/2026 18:54
aa3b44cf-9875-44ff-9857-fda053623b31,belief.marketing,available,8.99,41.99,high,low,6,namesilo,,,23/09/2026 05:12
fdb93a88-c810-494f-9744-680edaab308b,spirituality.contact,available,11.59,11.59,high,low,12,spaceship,,,30/09/2026 06:12
d3314b45-99a6-40b0-b10b-352c6a281bee,spirituality.dad,available,10.52,10.52,high,low,12,spaceship,,,30/09/2026 06:12
cb478630-f883-4f9d-8e2f-e79c122c8a82,church.plumbing,premium,500,,high,medium,6,name.com,,,29/09/2026 09:07
be164b6c-156b-4e96-92f9-a301c97623f4,church.fund,premium,207.2,207.2,high,medium,6,spaceship,,,29/09/2026 09:07
9837fa8d-1371-4cfb-8a31-b4f142a6f4d9,religion.fitness,available,5.66,33.47,high,low,8,porkbun,,,29/09/2026 18:54
c258cadc-0343-4c32-88e2-fb3fdc033d66,church.foo,premium,516.67,516.67,high,medium,6,spaceship,,,29/09/2026 09:07
a888d920-3483-49f8-a469-d088f68ea9ab,religion.investments,available,100.2,100.2,high,low,8,cloudflare,,,29/09/2026 18:54
ca7eea5a-8ac8-499d-bb05-191afac4b224,belief.enterprises,available,11.49,35.99,high,low,6,namesilo,,,23/09/2026 05:12
9ed1489a-d76c-43cc-9f75-83841078c916,church.football,available,25.99,25.99,high,medium,6,namesilo,,,29/09/2026 09:07
06e61059-fe4d-47f9-9c79-3d6488f35f29,religion.clothing,available,26.08,26.08,high,low,8,spaceship,,,29/09/2026 18:54
00c64964-7d6a-45c6-a3e2-46b58e17eab2,faith.spot,premium,500.5,,high,low,5,unstoppable,,,29/09/2026 18:54
8535ee00-a7f0-4529-9792-dc4d846063f5,belief.you,premium,53.92,53.92,high,low,6,namesilo,,,23/09/2026 05:12
50237d61-3d80-42ed-9c73-c3a228c2f3c0,spirituality.plumbing,available,56.2,56.2,high,low,12,cloudflare,,,30/09/2026 06:12
c1c06fb3-fc9d-4332-ad63-9f55851402cc,faith.contractors,available,28.15,28.15,high,low,5,spaceship,,,29/09/2026 18:54
66c84355-2741-49ec-bdf0-3fbfd0bf1c1f,faith.navy,available,32.2,32.2,high,low,5,cloudflare,,,29/09/2026 18:54
0d9f26e8-76d1-4285-a061-76080de81f23,church.immo,available,8.24,29.11,high,medium,6,dynadot,,,29/09/2026 09:07
97d12a52-30bc-4139-8055-d1d8ce9283b0,faith.kiwi,premium,62.29,62.29,high,low,5,dynadot,,,29/09/2026 18:54
2277c6f2-b0d7-4c19-9067-116d01c33611,church.world,resell,,,high,medium,6,Dynadot Inc,08/04/2020 11:29,08/04/2028 11:29,29/09/2026 09:07
9fa08332-f135-4c43-a974-ca577e72f31b,belief.science,premium,3450,116,high,low,6,namesilo,,,23/09/2026 05:12
5cc46c0d-7b8b-4df2-9271-5bd3681dcbc0,religion.pizza,available,50.2,50.2,high,low,8,cloudflare,,,29/09/2026 18:54
11ccbd90-2dc8-4b7b-8c95-0519cf9f379f,church.cash,premium,109.53,218.86,high,medium,6,porkbun,,,29/09/2026 09:07
3466c605-378a-42ae-bf1d-d570a6f7bdbe,religion.auction,available,3,30.18,high,low,8,dynadot,,,29/09/2026 18:54
ee5969c7-2520-4681-986a-27b6b6a5fa63,spirituality.video,premium,51.43,102.67,high,low,12,spaceship,,,30/09/2026 06:12
dc3e1315-ae44-4278-9385-6f1b9be9c0d8,belief.fail,available,38.99,38.99,high,low,6,namesilo,,,23/09/2026 05:12
03cc3738-76e9-4c40-8c6d-fa940f052e1b,faith.dad,premium,257.92,257.92,high,low,5,spaceship,,,29/09/2026 18:54
3739a942-0fb2-4a74-aac7-83de020aba32,faith.xxx,resell,154.98,,high,low,5,namecheap,,,29/09/2026 18:54
728eb96a-cc7f-4b4b-898e-e0b3bc96a91f,church.voting,available,978.6,978.6,high,medium,6,dynadot,,,29/09/2026 09:07
486d15ac-39e1-4279-99d6-28db3f34c3ba,spirituality.creditcard,available,144.99,144.99,high,low,12,namesilo,,,30/09/2026 06:12
bf6b1371-dc70-4345-b4d1-f4e4775b2e98,spirituality.paris,available,66.98,66.98,high,low,12,namecheap,,,30/09/2026 06:12
cf6bc316-260b-4c48-a320-983a03326844,faith.boo,premium,257.92,257.92,high,low,5,spaceship,,,29/09/2026 18:54
a08e55d7-210c-48a8-8bf5-6b820f6fb146,spirituality.fans,available,4.98,13.98,high,low,12,namecheap,,,30/09/2026 06:12
5a852110-a6d0-4afb-b067-c75f49a63cf8,belief.realty,available,109.99,299,high,low,6,namesilo,,,23/09/2026 05:12
322be29f-1145-4d6e-8068-98110e2b5956,church.trading,available,16.76,16.76,high,medium,6,spaceship,,,29/09/2026 09:07
dff617b3-1944-4aa7-a133-8b0e334d4c43,spirituality.srl,available,31.99,31.99,high,low,12,namesilo,,,30/09/2026 06:12
4c704c06-d96b-4747-9d71-8849f05c39a9,faith.lighting,available,8.24,19.05,high,low,5,porkbun,,,29/09/2026 18:54
bf500fd6-24ec-4ccc-9220-ae4bb905601f,church.gifts,premium,207.2,207.2,high,medium,6,spaceship,,,29/09/2026 09:07
29f655c1-f9d0-40f4-9e0d-f7747b64a550,church.mom,premium,832,832,high,medium,6,namesilo,,,29/09/2026 09:07
48c99b20-2f8f-44f8-9e53-6a00adf7c759,belief.university,available,62.99,62.99,high,low,6,namesilo,,,23/09/2026 05:12
f70f7661-f843-47a5-985c-93b67afb66c0,religion.maison,available,13.39,45.83,high,low,8,porkbun,,,29/09/2026 18:54
b459f8b4-13aa-40ee-8bf6-e1ba3927e8ff,faith.diamonds,available,45.16,45.16,high,low,5,dynadot,,,29/09/2026 18:54
ab625826-3366-4078-b4b5-9b80739e685f,church.rodeo,available,10.2,10.2,high,medium,6,cloudflare,,,29/09/2026 09:07
93ae4273-e988-44d1-896c-d094d0253d98,spirituality.ventures,available,5.38,47.81,high,low,12,spaceship,,,30/09/2026 06:12
6d35d458-c225-4d54-b97a-ab2fb21dd95b,spirituality.guru,resell,,,high,low,12,,,,30/09/2026 06:12
0210d5a4-9811-4a0b-8d47-76bed1f05e38,church.design,premium,2660,2660,high,medium,6,namesilo,,,29/09/2026 09:07
f9046fd1-40c1-491a-ba4f-f6cbd95424b3,religion.lawyer,available,48.2,48.2,high,low,8,cloudflare,,,29/09/2026 18:54
5cf68e8c-46c8-43fa-af81-49c327cacf8d,spirituality.pub,available,32.29,32.29,high,low,12,spaceship,,,30/09/2026 06:12
0fc21c54-a871-443b-b177-e22dab8e2669,religion.press,premium,975,1950,high,low,8,namecheap,,,29/09/2026 18:54
399c00c2-23e2-48fc-bd1c-8c8ce21f4e62,church.voto,available,10.55,55.93,high,medium,6,spaceship,,,29/09/2026 09:07
c4d99570-b6d4-4f4d-b039-32fbf80f34c2,church.engineer,available,31.25,31.25,high,medium,6,spaceship,,,29/09/2026 09:07
f07c4611-daf7-4d57-a445-caab18dfcded,church.cruises,premium,414.2,414.2,high,medium,6,spaceship,,,29/09/2026 09:07
700e66d3-468e-4f3c-8932-83e74276c792,spirituality.bargains,available,11.96,24.83,high,low,12,dynadot,,,30/09/2026 06:12
213f31b3-feca-4166-8f3a-89afda1ec5ea,belief.qpon,available,2.19,11.49,high,low,6,namesilo,,,23/09/2026 05:12
3989e276-b6fa-45cf-937f-43209e3e6e2a,belief.loans,available,20.99,116.99,high,low,6,namesilo,,,23/09/2026 05:12
bece4871-8850-4c71-aa7b-3e7ec443690c,belief.plus,available,15.99,53.99,high,low,6,namesilo,,,23/09/2026 05:12
dc99840a-1f8e-44ca-9a4e-e3e0e3e04045,belief.wedding,premium,104,32.5,high,low,6,namecheap,,,23/09/2026 05:12
e9f57d71-c39c-4a2d-96b1-1755f5b8904c,religion.party,premium,362.45,51.95,high,low,8,spaceship,,,29/09/2026 18:54
d5b5a41a-c4b8-46a3-bae4-927289a03e80,faith.reise,premium,220,220,high,low,5,dynadot,,,29/09/2026 18:54
0906ad82-ff2b-4171-b23e-bc904c531051,belief.ac,available,34.99,47.99,high,low,6,namesilo,,,23/09/2026 05:12
146be58b-8723-446e-bef9-538e4b056d96,faith.glass,premium,440,440,high,low,5,dynadot,,,29/09/2026 18:54
c5ba7f2a-d24b-431a-a07c-e8f5c315d455,belief.voto,available,11.98,86.98,high,low,6,namecheap,,,23/09/2026 05:12
a44fa1c6-2794-48a9-a984-2e60899c7e91,church.tickets,available,359.99,488.88,high,medium,6,namesilo,,,29/09/2026 09:07
ec1f394d-7c1b-44ad-8ca7-9779e4da8dc2,church.spot,premium,640,640,high,medium,6,namesilo,,,29/09/2026 09:07
b90edda5-215b-46fa-a44e-69daa247b2ee,belief.parts,available,10.48,45.98,high,low,6,namecheap,,,23/09/2026 05:12
41f8eb19-bae7-440c-9b87-33e2607ec02b,church.family,premium,512,512,high,medium,6,namesilo,,,29/09/2026 09:07
d060fb61-867e-46e9-a766-bdb76fcbe387,spirituality.date,premium,310.7,51.95,high,low,12,spaceship,,,30/09/2026 06:12
3d29215e-a3d2-485f-8af9-05cc02d5b94c,religion.cleaning,available,58.2,58.2,high,low,8,cloudflare,,,29/09/2026 18:54
64f6b7c2-f6e3-4234-bc4a-1561745f3bd2,religion.wiki,premium,312.5,,high,low,8,name.com,,,29/09/2026 18:54
dc405fef-b4d2-459c-95b6-fd709fa9a1ab,belief.surf,available,2.19,32.49,high,low,6,namesilo,,,23/09/2026 05:12
4381bd98-1e92-4fcf-ba2d-c1344d53e20e,spirituality.zone,available,12.99,38.99,high,low,12,namesilo,,,30/09/2026 06:12
7dfbfa16-ce5d-47a0-8700-9f1a0a5c66ee,religion.place,available,18.41,18.41,high,low,8,dynadot,,,29/09/2026 18:54
71358374-56e5-42e4-9f48-f6db60e053d4,church.jetzt,available,18.83,18.83,high,medium,6,spaceship,,,29/09/2026 09:07
ca7dcb7e-b01e-478c-b782-eda4db3de20c,faith.cv,premium,226.83,74,high,low,5,porkbun,,,29/09/2026 18:54
12b02a43-251f-43cf-9f35-d09c447646b6,church.space,premium,812.5,3250,high,medium,6,namecheap,,,29/09/2026 09:07
b9c8db2e-e160-4b1c-97a1-2899532a9634,religion.tattoo,available,1.75,31.25,high,low,8,spaceship,,,29/09/2026 18:54
7815c5a8-a6d4-457b-a347-ee6fb06e96b7,religion.dental,available,81.98,100.98,high,low,8,namecheap,,,29/09/2026 18:54
65470c64-d32b-49b1-bfef-91868429a8d9,church.builders,premium,85.8,85.8,high,medium,6,namecheap,,,29/09/2026 09:07
2d2c82dd-4510-4179-9e0c-3c92539d1134,belief.style,available,16.99,38.99,high,low,6,namesilo,,,23/09/2026 05:12
2fc81230-0ca9-44b3-aef9-3cb7af015354,church.talk,premium,640,640,high,medium,6,namesilo,,,29/09/2026 09:07
27493ab9-9050-44e7-9ce6-7c05ccdc756b,spirituality.talk,premium,66,66,high,low,12,dynadot,,,30/09/2026 06:12
b530ba38-e31d-4505-bd4b-34b904d99857,spirituality.la,available,27.99,27.99,high,low,12,namesilo,,,30/09/2026 06:12
a0097ecc-b353-4e0b-8e12-a2207cefe33a,prayer.faith,premium,3450,116,high,low,6,namesilo,,,28/09/2026 01:59
50496285-c06b-44c5-8457-8b91a694b945,belief.loan,premium,116,29.5,high,low,6,namesilo,,,23/09/2026 05:12
39af54c4-1c5b-4f18-85fe-516f3b29fc2d,spirituality.wine,available,7.45,47.81,high,low,12,spaceship,,,30/09/2026 06:12
b761ce5b-72d9-4016-8f22-138ff319f180,church.camera,premium,207.2,207.2,high,medium,6,spaceship,,,29/09/2026 09:07
49d67a09-4cc4-4fae-b7c1-5c085ea61f4b,spirituality.fish,available,36.43,36.43,high,low,12,spaceship,,,30/09/2026 06:12
c38428ca-1359-45cd-a1f5-fdec948fbfa4,religion.protection,available,2140.22,2140.22,high,low,8,dynadot,,,29/09/2026 18:54
b009f248-dbd1-4d86-867f-7a504d5d2d5a,spirituality.broker,available,13.5,,high,low,12,unstoppable,,,30/09/2026 06:12
3d8790ae-28a8-430a-bd29-89046e5e29ff,spirituality.camera,available,45.2,45.2,high,low,12,cloudflare,,,30/09/2026 06:12
f4b10dd8-7960-419d-a5a3-d3e812435300,church.fast,premium,650,650,high,medium,6,namecheap,,,29/09/2026 09:07
4d6caa6c-abdc-40bd-9600-398eb4c00724,spirituality.phd,available,25.98,29.98,high,low,12,namecheap,,,30/09/2026 06:12
c9ad2670-317f-4251-923d-951aca7a5a11,belief.protection,available,1999.99,2049.99,high,low,6,namesilo,,,23/09/2026 05:12
2f46a220-2787-423a-9177-6b7a1351ab8c,church.investments,available,12,,high,medium,6,unstoppable,,,29/09/2026 09:07
7a12c4d0-f30a-417c-a92b-e38917024c3b,church.bayern,available,34.35,34.35,high,medium,6,dynadot,,,29/09/2026 09:07
d30de0bf-ec2f-4eef-baac-f5164ea8d158,faith.camera,available,45.2,45.2,high,low,5,cloudflare,,,29/09/2026 18:54
3e555929-d0b2-4ff9-b4e0-76f3693a7f72,religion.recipes,available,8.5,,high,low,8,unstoppable,,,29/09/2026 18:54
5b335803-1f10-45f6-aa45-9e4e50ac474a,belief.date,premium,384,53.92,high,low,6,namesilo,,,23/09/2026 05:12
e17e43cd-acaf-4b94-b20f-007776d408c0,spirituality.insure,available,72.99,72.99,high,low,12,namesilo,,,30/09/2026 06:12
022a06f9-00a8-4f19-abbc-2df65ec2ceb3,belief.photography,available,14.49,36.49,high,low,6,namesilo,,,23/09/2026 05:12
fad49155-c22a-46ab-8855-bcb647ac22a4,church.shop,premium,640,640,high,medium,6,namesilo,,,29/09/2026 09:07
62ccdd9d-2c7f-4db6-948e-0a18a5838022,belief.sex,available,69.98,154.98,high,low,6,namecheap,,,23/09/2026 05:12
d6e3fc3a-0f51-46a8-ac68-1a26a5babc4c,spirituality.name,available,8.98,9.98,high,low,12,namecheap,,,30/09/2026 06:12
314bff0e-0720-4260-9362-52320a3c4fa0,belief.pizza,available,17.99,64.99,high,low,6,namesilo,,,23/09/2026 05:12
fed90342-0881-4736-a9a6-be0a6d1a38a1,spirituality.theatre,available,509.99,529.99,high,low,12,namesilo,,,30/09/2026 06:12
8960fe88-f0af-4802-b271-350b56181586,spirituality.llc,available,10.55,34.36,high,low,12,spaceship,,,30/09/2026 06:12
35495add-0b16-4694-abf2-82dabb5937b3,religion.moda,available,32.2,32.2,high,low,8,cloudflare,,,29/09/2026 18:54
42a14610-52bd-4684-8126-9dfc9988547a,belief.diy,available,5.49,39.99,high,low,6,namesilo,,,23/09/2026 05:12
e5210a3d-a25c-4ebd-bb69-5d21391d8c87,religion.financial,available,17.48,66.98,high,low,8,namecheap,,,29/09/2026 18:54
5a89082d-4475-4f60-a07e-a5da629e5b5c,spirituality.kim,available,18.2,18.2,high,low,12,cloudflare,,,30/09/2026 06:12
9ea389fe-f101-42e5-8e50-fa125df46b46,church.surf,available,1.24,26.08,high,medium,6,spaceship,,,29/09/2026 09:07
b05a49f6-0d48-47b9-823f-2f8cd135b0bf,belief.legal,available,71.99,71.99,high,low,6,namesilo,,,23/09/2026 05:12
fe9cdd5c-0976-4129-a0da-5d3e62365056,faith.pics,resell,,,high,low,5,Dynadot Inc,22/06/2026 08:32,22/06/2027 23:59,29/09/2026 18:54
74f066e7-53ce-436c-9b4f-daa75aa687b5,belief.hockey,available,59.99,59.99,high,low,6,namesilo,,,23/09/2026 05:12
143f5bb4-c852-4a6d-a52f-fea3cce57d7f,spirituality.online,resell,,,high,low,12,,,,30/09/2026 06:12
7ef63435-528d-43b7-88d7-9e77ea98523c,spirituality.host,available,4.68,81.97,high,low,12,spaceship,,,30/09/2026 06:12
f9a8a692-9b58-43b5-8c73-ac226fb3ee48,belief.trade,premium,448,53.92,high,low,6,namesilo,,,23/09/2026 05:12
f2255110-8c74-4cc0-ba82-5a594f8a17b9,belief.how,available,30.98,41.98,high,low,6,namecheap,,,23/09/2026 05:12
aa10fb06-13f7-4fc6-ba0f-82e22d41b52e,religion.motorcycles,available,1.24,13.97,high,low,8,spaceship,,,29/09/2026 18:54
8f3548ef-537d-4cd8-b268-1c33f90e0987,belief.fan,available,57.98,68.98,high,low,6,namecheap,,,23/09/2026 05:12
9920976c-f2fc-4292-b619-3bc18a6d34ab,spirituality.vegas,available,19.98,64.98,high,low,12,namecheap,,,30/09/2026 06:12
b418f918-33fc-4876-9fff-6ca927503c72,spirituality.ninja,available,15.99,30.99,high,low,12,namesilo,,,30/09/2026 06:12
c965fea7-c55d-4648-8bc0-eb691141be0a,spirituality.republican,available,25.2,25.2,high,low,12,cloudflare,,,30/09/2026 06:12
9c092e7d-c87c-4e77-810e-e2152e981fa3,spirituality.ac,available,28.98,76.98,high,low,12,namecheap,,,30/09/2026 06:12
dfd18dc8-7823-4967-b04f-1cb58ca10d62,spirituality.trading,available,16.2,16.2,high,low,12,cloudflare,,,30/09/2026 06:12
8e67b91f-a0ca-446d-a3c9-30f474014061,religion.science,premium,2587.7,103.7,high,low,8,spaceship,,,29/09/2026 18:54
b431e098-430a-4ee9-9799-3995e7643a5e,faith.rsvp,premium,257.92,257.92,high,low,5,spaceship,,,29/09/2026 18:54
6fd45a3d-bff6-46f8-9256-3b803fa1dd41,church.airforce,available,80.2,80.2,high,medium,6,cloudflare,,,29/09/2026 09:07
02a47c50-1730-4d3e-a045-53e50dd919f4,spirituality.film,available,65.99,65.99,high,low,12,namesilo,,,30/09/2026 06:12
65c654d1-7fb0-4ff6-b045-9fc156f7d0ee,belief.tires,available,5.99,78.99,high,low,6,namesilo,,,23/09/2026 05:12
064b2415-8fcc-4e8f-940e-4b8cb46851cc,church.protection,available,1999.99,2049.99,high,medium,6,namesilo,,,29/09/2026 09:07
0d0da955-7e3c-45a6-8713-833ebe2ac7e8,belief.black,available,27.99,64.99,high,low,6,namesilo,,,23/09/2026 05:12
331d328a-05a0-4185-91c6-0c5f7d045c7c,faith.dog,available,5.98,86.98,high,low,5,namecheap,,,29/09/2026 18:54
261a050f-6d77-4a8f-92b1-828141838e64,belief.casino,available,14.99,159.99,high,low,6,namesilo,,,23/09/2026 05:12
d71cd13a-db25-4d7b-9de9-a08a2d3eb919,belief.engineering,available,16.99,64.99,high,low,6,namesilo,,,23/09/2026 05:12
0a28c6a8-0b13-498b-a178-0f74ea4a2ec3,spirituality.travel,available,27.99,149.99,high,low,12,namesilo,,,30/09/2026 06:12
f9cd1e4a-7f7c-486d-83f4-b1f2f5b93956,religion.travel,available,16.27,123.27,high,low,8,dynadot,,,29/09/2026 18:54
bea0ea85-09c2-4644-b561-53652f5cc90d,spirituality.design,available,12.98,68.98,high,low,12,namecheap,,,30/09/2026 06:12
54d42c8f-fe0a-4ba1-9378-77e126bb3dd2,religion.kids,premium,310.7,18.83,high,low,8,spaceship,,,29/09/2026 18:54
78fb874f-aeeb-4da3-94a0-d86142b5e8e9,religion.miami,premium,200.5,21.24,high,low,8,unstoppable,,,29/09/2026 18:54
f174e726-c486-43ff-a852-b00a19ca5201,church.phd,premium,671.92,671.92,high,medium,6,spaceship,,,29/09/2026 09:07
01a5af87-b503-43ea-8ea0-d0efb2fe8831,religion.bet,available,7.96,20.9,high,low,8,spaceship,,,29/09/2026 18:54
63494a79-7043-48f4-ade1-717dce63e3da,spirituality.inc,premium,2015,2600,high,low,12,namecheap,,,30/09/2026 06:12
0299a7c0-5b39-4281-bef6-a1af502855c7,religion.creditcard,available,129.2,129.2,high,low,8,spaceship,,,29/09/2026 18:54
e6927bb4-7ca0-45c7-9c0b-e8709fb0a1ea,church.men,premium,1107,116,high,medium,6,namesilo,,,29/09/2026 09:07
bf15fa66-7508-47f3-81c0-145073c16c1e,belief.observer,available,10.99,10.99,high,low,6,namesilo,,,23/09/2026 05:12
dfbb63cf-612a-4abb-87d1-8e2124aaf5fe,belief.hamburg,available,69.98,73.98,high,low,6,namecheap,,,23/09/2026 05:12
7e98b4da-ae70-4240-88a2-cc86a63b5dc8,religion.locker,available,5.68,31.25,high,low,8,spaceship,,,29/09/2026 18:54
e0f2b947-e172-4bf5-bbcc-7aed1e09b565,spirituality.men,premium,448,53.92,high,low,12,namesilo,,,30/09/2026 06:12
35906ecc-b43b-44fa-922f-8efe637106f9,faith.meme,premium,362.45,362.45,high,low,5,spaceship,,,29/09/2026 18:54
77cd2baf-a870-427d-9996-a8140f0d0182,religion.pub,available,32.29,32.29,high,low,8,spaceship,,,29/09/2026 18:54
616b94de-dab1-42c3-8ddd-d207df15af93,faith.cars,available,1863.2,2064.2,high,low,5,spaceship,,,29/09/2026 18:54
0f2ff339-9b0c-4782-8a41-eac775eb23d7,religion.doctor,available,90.2,90.2,high,low,8,cloudflare,,,29/09/2026 18:54
a91a2336-0723-4897-b173-796d17ffdc10,faith.hiphop,available,27,23.99,high,low,5,unstoppable,,,29/09/2026 18:54
5a21c295-d5b0-4f2b-9188-7ebba7385cd0,religion.boutique,available,25.2,25.2,high,low,8,cloudflare,,,29/09/2026 18:54
7609a770-5ea5-40c9-815c-3f268dba5a1d,belief.gg,resell,,,high,low,6,Dynadot Inc. (https://www.dynadot.com),,,26/09/2026 04:21
27fd133e-4045-4b2e-9b99-91991fba4cd1,church.villas,premium,520,520,high,medium,6,namecheap,,,29/09/2026 09:07
855e0584-55a3-4cb4-b5ee-1a467772d340,religion.realty,available,88.18,289.16,high,low,8,spaceship,,,29/09/2026 18:54
2f1e238c-32b6-43d7-a785-d90fb91ac956,faith.parts,premium,68.51,68.51,high,low,5,spaceship,,,29/09/2026 18:54
0029d478-60fc-4c26-b0d8-0cce6dcb38fe,church.futbol,available,5.66,13.9,high,medium,6,porkbun,,,29/09/2026 09:07
6d5d7f3d-7d18-4036-85b9-46988e3922a1,religion.llc,premium,625,,high,low,8,name.com,,,29/09/2026 18:54
69048168-4650-4ae2-8050-15638874e665,belief.lawyer,available,65.98,66.98,high,low,6,namecheap,,,23/09/2026 05:12
ddd0652d-194c-45f6-aaec-2208001b461e,belief.makeup,available,1.99,17.29,high,low,6,namesilo,,,23/09/2026 05:12
a7529bab-bd64-40f3-8ada-e0dfc0ef84cc,belief.rsvp,premium,76.7,76.7,high,low,6,namecheap,,,23/09/2026 05:12
d7f17d5c-0652-4034-8f43-8477a1a122ff,spirituality.day,available,12.98,16.98,high,low,12,namecheap,,,30/09/2026 06:12
c07b512e-7422-47ec-9b71-f7668f98e2d8,spirituality.ooo,premium,54.98,22.21,high,low,12,dynadot,,,30/09/2026 06:12
77eab1aa-c98b-40ec-aca4-c7448abdac0c,faith.day,premium,257.92,257.92,high,low,5,spaceship,,,29/09/2026 18:54
dfb208c4-5ba3-4382-865a-751d846cfd6a,faith.webcam,premium,517.7,67.48,high,low,5,spaceship,,,29/09/2026 18:54
f0b51f44-b0e3-4508-bb9f-8d97a36ca94f,church.sarl,available,6.99,6.99,high,medium,6,namesilo,,,29/09/2026 09:07
6dddbe2d-41bc-42b0-a23d-b2543cfbb280,religion.restaurant,available,10.55,51.95,high,low,8,spaceship,,,29/09/2026 18:54
98b9473f-640a-4079-91cc-a4112a0fd261,religion.associates,available,12.98,49.98,high,low,8,namecheap,,,29/09/2026 18:54
5fbf30ae-28a0-4778-a8df-ca615b181a72,religion.academy,available,36.2,36.2,high,low,8,cloudflare,,,29/09/2026 18:54
fee6f3ac-6711-4e76-af4a-16435627294c,spirituality.fund,available,14.99,71.99,high,low,12,namesilo,,,30/09/2026 06:12
64aae7ad-68dc-46e7-a0f3-2389387eedf5,spirituality.bayern,available,34.99,34.99,high,low,12,namesilo,,,30/09/2026 06:12
9e8b4f19-d0cc-4b77-a4af-35cb3c2b0042,church.bid,available,4.48,5.55,high,medium,6,dynadot,,,29/09/2026 09:07
d9664d34-1fa3-46ef-81ac-0d50408674b9,worship.faith,premium,6900,116,high,low,7,namesilo,,,17/09/2026 09:43
88c5fcd8-f633-489c-93d4-8dc01076104d,religion.monster,available,1.18,13.97,high,low,8,spaceship,,,29/09/2026 18:54
c11ebffe-e859-4907-95df-fc5e495dad02,spirituality.uno,available,20.2,20.2,high,low,12,cloudflare,,,30/09/2026 06:12
81755f5f-1225-474d-9441-1e8416da888c,religion.now,resell,,,high,low,8,"Spaceship, Inc.",02/07/2025 22:15,02/07/2027 22:15,29/09/2026 18:54
12b76239-aadd-4e0f-af12-0da6b66ecf18,faith.jewelry,available,51.95,51.95,high,low,5,spaceship,,,29/09/2026 18:54
b0938632-487a-4b11-84ba-e3fb28db409e,church.accountant,premium,517.7,67.48,high,medium,6,spaceship,,,29/09/2026 09:07
63457ea5-c619-4064-8b2d-b8a5e110a6b5,faith.blue,available,12.62,19.87,high,low,5,spaceship,,,29/09/2026 18:54
1b7471e6-d747-4e40-b9af-87dbeb172d94,faith.zip,premium,249.2,,high,low,5,unstoppable,,,29/09/2026 18:54
4f522127-23d6-4ad6-97db-ce8bad18b7af,spirituality.stream,premium,448,53.92,high,low,12,namesilo,,,30/09/2026 06:12
5017b717-90ba-48aa-a583-29912af87881,spirituality.direct,available,13.14,33.32,high,low,12,spaceship,,,30/09/2026 06:12
d80a65f2-0cca-468b-a804-aad242d01a95,church.observer,premium,27.5,27.5,high,medium,6,dynadot,,,29/09/2026 09:07
5466e5e6-6372-48be-ba75-93c60fe10fe4,religion.gallery,available,22.97,22.97,high,low,8,spaceship,,,29/09/2026 18:54
806eee68-25c2-4e78-a005-c70a5a0e049b,faith.dating,premium,200.5,242,high,low,5,unstoppable,,,29/09/2026 18:54
2655e32f-9f4b-4dd5-9479-33fff128b07c,spirituality.solar,available,64.99,64.99,high,low,12,namesilo,,,30/09/2026 06:12
cf80dc47-0da8-469c-bbd8-52eca646d392,religion.futbol,available,5.38,13.66,high,low,8,spaceship,,,29/09/2026 18:54
53839b03-cdc9-4941-a7e1-71521db3c046,faith.soccer,available,20.2,20.2,high,low,5,cloudflare,,,29/09/2026 18:54
cfeb6a7b-cf6b-4115-8f38-4aac03998df0,belief.porn,available,69.98,154.98,high,low,6,namecheap,,,23/09/2026 05:12
ceeb1e33-05de-4458-90c6-799d9c8cba46,spirituality.style,available,16,,high,low,12,unstoppable,,,30/09/2026 06:12
d93cba63-db89-4088-9a33-15f0e070d82a,belief.discount,available,30.99,30.99,high,low,6,namesilo,,,23/09/2026 05:12
cb8ec459-7e30-48b8-a239-293c88dee3bb,religion.health,premium,625,,high,low,8,name.com,,,29/09/2026 18:54
5be02e15-dc21-4326-88cf-0e76f03c2371,belief.pink,available,14.49,25.99,high,low,6,namesilo,,,23/09/2026 05:12
8327a982-ec95-4e19-b80f-f5a7e8ba0132,religion.family,premium,520,520,high,low,8,namecheap,,,29/09/2026 18:54
fd010744-44b2-45ef-829b-4da2ee95b14d,belief.security,available,2070,2950,high,low,6,namecheap,,,23/09/2026 05:12
ae8d6ca5-3e94-47a4-8e93-840300529718,faith.review,premium,12500,,high,low,5,name.com,,,29/09/2026 18:54
925bfa41-cec5-4481-a137-d410bb96f172,religion.you,premium,55.11,55.11,high,low,8,porkbun,,,29/09/2026 18:54
a1388113-4ea8-4932-a462-a2b10bdd830e,belief.watch,available,5.99,44.49,high,low,6,namesilo,,,23/09/2026 05:12
893d5a4e-1602-4539-af16-df1354ef3083,spirituality.ryukyu,available,17.98,22.98,high,low,12,namecheap,,,30/09/2026 06:12
f9475225-eb92-4e10-8b71-b2bced787c5e,spirituality.supply,available,20.9,20.9,high,low,12,spaceship,,,30/09/2026 06:12
65e9f422-8e22-4834-9fd7-36455840d59f,spirituality.equipment,available,28.99,28.99,high,low,12,namesilo,,,30/09/2026 06:12
e054cd9d-2d6c-4b28-8eb4-fb73753e88b6,spirituality.plus,available,4.34,43.67,high,low,12,spaceship,,,30/09/2026 06:12
0a4f8673-8368-4594-992c-21aa88e854a8,belief.diet,available,104.99,114.99,high,low,6,namesilo,,,23/09/2026 05:12
75807514-db1b-4e13-ac32-64a1ec988131,belief.osaka,available,32.98,41.98,high,low,6,namecheap,,,23/09/2026 05:12
c5a61477-d366-4c3b-a3d6-61dbc14a3fe6,religion.online,premium,812.5,3250,high,low,8,namecheap,,,29/09/2026 18:54
83cbae86-93f3-40ad-83ee-61beb9eec2a6,spirituality.voting,available,1398,1448,high,low,12,namecheap,,,30/09/2026 06:12
3d11508b-4b97-4424-a9ac-edec3a40fc6f,spirituality.de,resell,,,high,low,12,,,,30/09/2026 06:12
a335bd96-1f2d-4036-b46a-f3850cb82b3b,spirituality.live,premium,51.43,102.67,high,low,12,spaceship,,,30/09/2026 06:12
2abc1080-1872-48d2-8211-435ea7521458,spirituality.pink,available,21.62,21.62,high,low,12,dynadot,,,30/09/2026 06:12
40ba66e0-1957-4d3b-a64d-e804e6cfe76e,belief.education,available,36.98,46.98,high,low,6,namecheap,,,23/09/2026 05:12
3c018e88-d11e-468c-be2a-dced61dc8a6c,religion.mortgage,available,8.24,49.95,high,low,8,porkbun,,,29/09/2026 18:54
174b0e3d-ab00-4662-8b14-283c2f27eda5,religion.vodka,available,26.08,26.08,high,low,8,spaceship,,,29/09/2026 18:54
eb29f4af-0ddb-4430-ac83-2313def9f4fa,belief.win,premium,448,53.92,high,low,6,namesilo,,,23/09/2026 05:12
51cb8e41-9cb3-4df0-a51c-9250e16f6320,belief.delivery,available,6.75,61.99,high,low,6,namesilo,,,23/09/2026 05:12
24875074-fbf9-43b2-b49a-5a3da84094fa,faith.deals,premium,128.7,128.7,high,low,5,namecheap,,,29/09/2026 18:54
f5171ae5-1801-4de5-b3cc-3df33c0f897a,church.run,resell,,,high,medium,6,"DNSPod, Inc.",19/06/2021 13:08,19/06/2027 13:08,29/09/2026 09:07
7bd207bd-f22d-4857-b7f9-e1be3d9f6fab,spirituality.report,available,10.5,,high,low,12,unstoppable,,,30/09/2026 06:12
9e088900-69da-4c7e-b406-f9f8919d2578,spirituality.gg,available,51.6,51.6,high,low,12,spaceship,,,30/09/2026 06:12
0cce1784-2532-4a13-8189-0c045a1cb9ca,belief.ooo,available,24.99,24.99,high,low,6,namesilo,,,23/09/2026 05:12
a35b9120-6120-4019-9402-5234056de5df,spirituality.bz,available,18.88,18.88,high,low,12,dynadot,,,30/09/2026 06:12
79914f0e-55a3-42f8-8960-4593a263b674,spirituality.tv,resell,,,high,low,12,,,,30/09/2026 06:12
28122229-a36c-44da-ad46-b54b184c86e1,religion.soccer,available,20.9,20.9,high,low,8,spaceship,,,29/09/2026 18:54
17bd835f-c23b-464c-8a3b-f1e1656bc27c,church.earth,available,16.27,16.27,high,medium,6,dynadot,,,29/09/2026 09:07
b5f21dab-a58d-44a9-9c82-c2ecdd7b0379,spirituality.cv,available,9.99,9.99,high,low,12,namesilo,,,30/09/2026 06:12
6d2aaaf2-a75d-42a2-aec0-6c1e3222d84e,belief.movie,available,47.99,349.99,high,low,6,namesilo,,,23/09/2026 05:12
c6bf445b-acc3-4199-b58f-1ec0209e4f56,faith.organic,available,10.81,68.49,high,low,5,porkbun,,,29/09/2026 18:54
890fbc0b-0184-41c7-af03-137c612edefd,faith.condos,premium,72.6,72.6,high,low,5,dynadot,,,29/09/2026 18:54
523c2f9d-1f80-48d9-b3e1-b32fdaf72863,faith.tires,available,8.24,72.61,high,low,5,porkbun,,,29/09/2026 18:54
a9283fab-01a8-43a5-b804-5dceefd2fc09,religion.gay,premium,325,325,high,low,8,namecheap,,,29/09/2026 18:54
b83a5d50-dbba-4d6c-93fb-6a185464f165,faith.mom,available,1.24,26,high,low,5,spaceship,,,29/09/2026 18:54
c05f7bea-8920-4a8b-a6e5-b6484afaab65,belief.zone,available,12.99,38.99,high,low,6,namesilo,,,23/09/2026 05:12
fdbb11f4-5dab-41c1-9b22-1753bfb80291,religion.rich,available,78.99,160.71,high,low,8,porkbun,,,29/09/2026 18:54
7e85cd26-6cf7-4441-8a85-3a5cd85ae778,belief.vegas,available,12.99,43.99,high,low,6,namesilo,,,23/09/2026 05:12
aeedd54f-e62c-46aa-969e-b9e0b0c69dbc,religion.download,premium,13000,130,high,low,8,namecheap,,,29/09/2026 18:54
36213ff4-ca31-4863-a24c-05a59ef1b431,church.expert,premium,880,880,high,medium,6,dynadot,,,29/09/2026 09:07
561cec4f-f775-4154-afd6-0a7a7e4e1413,spirituality.codes,available,3.31,57.13,high,low,12,spaceship,,,30/09/2026 06:12
bbdc5eac-0a37-4cda-8f71-2e2d05f8c4d1,religion.rodeo,available,10.92,10.92,high,low,8,dynadot,,,29/09/2026 18:54
7beee4d0-d090-4f2d-b3d4-c406168a0fa2,belief.flowers,available,64.99,114.99,high,low,6,namesilo,,,23/09/2026 05:12
ce0acdaf-4399-4cdb-8462-ac35480f72c5,religion.gripe,premium,38.94,38.94,high,low,8,namesilo,,,29/09/2026 18:54
417b7cb0-e149-4de6-b951-84e09272b56e,church.wine,premium,400.5,,high,medium,6,unstoppable,,,29/09/2026 09:07
318dcb76-41d7-4fe6-a533-c32f3598d7d1,spirituality.locker,available,5.68,31.25,high,low,12,spaceship,,,30/09/2026 06:12
3e4adbcb-923b-4185-9c01-961a41c2fbef,religion.spot,premium,110,110,high,low,8,dynadot,,,29/09/2026 18:54
36041bcc-d33b-4a35-af26-152cef14ac83,spirituality.lifestyle,available,5.49,39.99,high,low,12,namesilo,,,30/09/2026 06:12
e08833a6-1013-4078-aef6-9b0368197b78,spirituality.works,available,4.63,31.41,high,low,12,porkbun,,,30/09/2026 06:12
cebaeffb-c6e7-4e42-893a-bbded39a7137,religion.gold,available,80.2,80.2,high,low,8,cloudflare,,,29/09/2026 18:54
df3cf1bb-f17e-454c-be1d-9f3783ab6fde,belief.rip,available,23.49,23.49,high,low,6,namesilo,,,23/09/2026 05:12
d5e32ea6-42f9-4248-a45a-2dca1e0818d2,spirituality.rent,available,17.99,59.99,high,low,12,namesilo,,,30/09/2026 06:12
d519a05b-76f8-4b17-937b-8e0201373d5f,spirituality.forum,available,2.19,34.99,high,low,12,namesilo,,,30/09/2026 06:12
ad4fef67-b2d4-4e86-ac82-10cfd95720bb,church.gay,premium,672.95,672.95,high,medium,6,spaceship,,,29/09/2026 09:07
d076fdf3-7164-4b16-ab61-770b49c2c2c2,spirituality.exposed,available,22.49,22.49,high,low,12,namesilo,,,30/09/2026 06:12
57a55139-14a5-4019-a7ef-2d0416a57e11,religion.store,premium,812.5,3250,high,low,8,namecheap,,,29/09/2026 18:54
8fb97caf-b8c0-4d6d-9000-14fd0e1ad131,faith.voto,available,10.55,55.93,high,low,5,spaceship,,,29/09/2026 18:54
8e226acc-f9ae-4d8e-a154-2426ff9ded23,faith.blog,premium,517.7,2070.2,high,low,5,spaceship,,,29/09/2026 18:54
75ea28a2-235c-4524-bd84-3f4aa7350979,religion.industries,available,35.2,35.2,high,low,8,cloudflare,,,29/09/2026 18:54
cb3e4c20-81cf-463f-8cdc-185bdca6dc7c,religion.immo,available,27.2,27.2,high,low,8,cloudflare,,,29/09/2026 18:54
d97f9079-927f-4d10-9501-e0dc1ae34dd5,spirituality.io,resell,,,high,low,12,,,,30/09/2026 06:12
2d98d4b9-7248-4d1c-bd8c-6b19dd977b66,religion.soy,premium,217.1,217.1,high,low,8,namecheap,,,29/09/2026 18:54
062e24b5-fdff-4e95-bb52-de18745582ec,religion.lease,available,44.71,44.71,high,low,8,spaceship,,,29/09/2026 18:54
112e5ab9-844a-4526-ad0d-89f456403b9f,spirituality.organic,available,17.99,85.99,high,low,12,namesilo,,,30/09/2026 06:12
cfb1b467-0e40-45c6-82f0-ee6a278be5ca,belief.financial,available,17.48,66.98,high,low,6,namecheap,,,23/09/2026 05:12
ab5d9cb6-5972-4c62-b185-96a20cb16e82,spirituality.love,premium,118.8,118.8,high,low,12,namesilo,,,30/09/2026 06:12
60b1645b-ddc2-4730-af81-4b412bb0ce22,religion.diet,available,93.35,103.4,high,low,8,spaceship,,,29/09/2026 18:54
4f9ae588-04dc-4f35-bfca-5998e41fbf97,church.bargains,premium,66.5,78.54,high,medium,6,unstoppable,,,29/09/2026 09:07
1c03a32d-55f9-40db-ba72-3029f10a88dd,spirituality.contractors,available,28.15,28.15,high,low,12,spaceship,,,30/09/2026 06:12
3b127ded-b08c-4c18-b551-f950469da3bd,church.baby,available,17.99,54.99,high,medium,6,namesilo,,,29/09/2026 09:07
b634251f-9814-4ebb-9af8-fda4944568fa,faith.degree,available,8.24,43.02,high,low,5,dynadot,,,29/09/2026 18:54
cd3fcd2e-2fcd-4a9b-8a06-b3d01fdd843b,spirituality.xxx,available,95.2,95.2,high,low,12,cloudflare,,,30/09/2026 06:12
bc80d7fc-846a-4fcb-8656-059cae702b2c,religion.organic,available,17,,high,low,8,unstoppable,,,29/09/2026 18:54
d9d2c1d8-1216-40ae-8c2e-33507abe54b3,religion.dog,available,50.2,50.2,high,low,8,cloudflare,,,29/09/2026 18:54
d0c36d5d-daa4-4dad-a4b6-79d2ea308874,religion.live,premium,310.7,621.2,high,low,8,spaceship,,,29/09/2026 18:54
a148396d-ad84-4d08-8f6c-0d50b0f6e996,religion.build,premium,1875,,high,low,8,name.com,,,29/09/2026 18:54
bae8b3c5-d165-4984-a369-b189f3de8afb,religion.review,premium,5175.2,103.7,high,low,8,spaceship,,,29/09/2026 18:54
bcfbc9eb-e43b-4e17-96a4-b2a60b685fef,spirituality.show,available,14.17,35.39,high,low,12,spaceship,,,30/09/2026 06:12
70a53f20-0846-4b81-86f7-4d4924a84811,spirituality.car,available,1863.2,2064.2,high,low,12,spaceship,,,30/09/2026 06:12
90d62cb4-c2d7-4083-9824-42ebffd91a22,belief.christmas,available,1.8,49.98,high,low,6,namecheap,,,23/09/2026 05:12
47982a76-0a49-409c-8859-8735929f8da2,belief.toys,available,17.99,64.99,high,low,6,namesilo,,,23/09/2026 05:12
7d12458a-fbef-48fa-b093-17aa1a6b5ff0,religion.giving,available,5.99,22.66,high,low,8,porkbun,,,29/09/2026 18:54
97c19edc-4a9d-464f-bca5-251b432f69d0,religion.villas,available,10.92,49.44,high,low,8,dynadot,,,29/09/2026 18:54
a1525175-5318-4b1b-b728-ac4997b6174a,belief.inc,premium,2061.5,2660,high,low,6,namesilo,,,23/09/2026 05:12
81917067-288e-4856-a1f2-965848e9f762,faith.vacations,available,30.2,30.2,high,low,5,cloudflare,,,29/09/2026 18:54
d3a6f9da-8fa8-4371-92fc-1882a85ddbf5,faith.schule,available,22.97,22.97,high,low,5,spaceship,,,29/09/2026 18:54
f1754112-3617-4b7a-b44f-171e801b67c1,religion.tennis,available,51.95,51.95,high,low,8,spaceship,,,29/09/2026 18:54
f8a4c73d-0791-4acf-9759-15fbf2a453b4,belief.mx,available,39.99,43.99,high,low,6,namesilo,,,23/09/2026 05:12
97234db6-b22a-46dd-a91e-89fcd549d8c0,theology.faith,premium,517.7,67.48,high,low,8,spaceship,,,29/09/2026 14:03
894cfe0c-d212-469b-85f2-b256bf553c94,belief.support,available,4.98,37.98,high,low,6,namecheap,,,23/09/2026 05:12
f149ca31-a6b0-4831-97a2-7777f0f62d09,church.food,premium,362.45,517.7,high,medium,6,spaceship,,,29/09/2026 09:07
258a4439-57a1-43a1-bac5-76fbf319d8db,congregation.church,resell,,,high,low,12,"Name.com, Inc.",09/01/2021 21:34,09/01/2027 21:34,03/10/2026 02:59
e6bda66b-8291-4fd6-b234-27116b4e7970,belief.name,available,8.98,9.98,high,low,6,namecheap,,,23/09/2026 05:12
111e6be7-a2ea-4728-bf60-66e2a460d8c0,church.kaufen,available,23.94,23.94,high,medium,6,spaceship,,,29/09/2026 09:07
0aaa0472-a4ff-4165-8b53-521c77d5ff56,religion.works,available,4.5,32.21,high,low,8,dynadot,,,29/09/2026 18:54
bd11c296-f4ce-4a31-aec3-f2c59f03fc69,religion.vana,available,2070.2,2070.2,high,low,8,spaceship,,,29/09/2026 18:54
78b82e1b-33f3-4c66-9419-3840350e8151,belief.tickets,available,359.99,488.88,high,low,6,namesilo,,,23/09/2026 05:12
e7e0cca0-7fbe-4b37-bcdb-ec39fc4684a5,religion.ryukyu,available,17.98,22.98,high,low,8,namecheap,,,29/09/2026 18:54
b731f2ee-123e-4ffb-8046-9cec82e1806b,religion.film,premium,260,260,high,low,8,namecheap,,,29/09/2026 18:54
cb26d0e9-5e78-47e0-b322-8f7ab28a8f06,faith.how,premium,122.2,122.2,high,low,5,namecheap,,,29/09/2026 18:54
96173e68-57cf-4bb7-addc-8567eff7392d,belief.futbol,available,7.49,17.99,high,low,6,namesilo,,,23/09/2026 05:12
4ee05a44-5a32-42ed-b037-2daaf4067b2c,faith.mba,available,17,,high,low,5,unstoppable,,,29/09/2026 18:54
afc427ed-f5a4-4412-b358-0e9230ec0de4,belief.page,premium,70.21,70.21,high,low,6,namesilo,,,23/09/2026 05:12
121c93f4-17a7-4988-8643-fb0eca0592ee,belief.desi,available,19.98,22.98,high,low,6,namecheap,,,23/09/2026 05:12
31c06f15-1d1c-4ab5-affa-aa56cdabf068,religion.talk,premium,62.3,62.3,high,low,8,spaceship,,,29/09/2026 18:54
9f525701-2a9e-4b21-a33b-18379c31897f,church.cloud,resell,,,high,medium,6,"Name.com, Inc.",24/02/2016 03:37,24/02/2028 03:37,29/09/2026 09:07
9c5897b3-94a9-45d2-9c88-9860c6f71a51,church.deal,premium,640,640,high,medium,6,namesilo,,,29/09/2026 09:07
1c831fc8-9a5f-4e86-8abd-d698e975220f,church.estate,premium,102.67,102.67,high,medium,6,spaceship,,,29/09/2026 09:07
3f5c7a56-b6da-4bc7-8861-3dcc7a6c3e71,belief.directory,available,8.99,26.99,high,low,6,namesilo,,,23/09/2026 05:12
b2140fa6-31ff-4fe6-be8d-d0cb7665e918,church.cc,resell,,,high,medium,6,"GoDaddy.com, LLC",04/06/2004 11:02,04/06/2029 11:02,29/09/2026 09:07
5b1097bd-5999-4c5e-8184-a8ab70b65d98,belief.investments,available,12.99,129.99,high,low,6,namesilo,,,23/09/2026 05:12
52cfb42e-78b6-4b5f-8d9e-2e8d837346d8,spirituality.mov,available,12.98,15.98,high,low,12,namecheap,,,30/09/2026 06:12
97848c57-0315-4f3c-b288-940e242780ec,faith.fm,resell,,,high,low,5,,,,29/09/2026 18:54
12afb6e2-bcc0-4b62-a848-72770284a5c4,religion.sh,available,31.05,46.58,high,low,8,spaceship,,,29/09/2026 18:54
a74e56a6-5c09-47c4-9d1a-e521b8d1bddf,belief.glass,available,72.99,72.99,high,low,6,namesilo,,,23/09/2026 05:12
04823c5d-2a10-4e9a-8dde-d5b25d7b70a7,religion.tires,available,87.98,110.98,high,low,8,namecheap,,,29/09/2026 18:54
f69d3c0a-abfa-4500-a12e-9806f1af5938,faith.doctor,available,13.5,,high,low,5,unstoppable,,,29/09/2026 18:54
4dc30d2f-ac7c-4883-876f-9d9ff84e90b3,spirituality.shopping,available,26.99,26.99,high,low,12,namesilo,,,30/09/2026 06:12
e1c97110-9533-4c0d-92d3-38485b05f737,religion.tax,available,7.96,54.02,high,low,8,spaceship,,,29/09/2026 18:54
af3a9a96-e74a-485c-8374-adbbabe03d4e,spirituality.casa,premium,,,high,low,12,,,,30/09/2026 06:12
7b397e60-1cfb-4c6d-a101-f18cc47ae4c1,belief.study,premium,53.92,53.92,high,low,6,namesilo,,,23/09/2026 05:12
f8aad586-a50c-4a36-87dd-b45133b11b6b,church.toys,premium,242,242,high,medium,6,namesilo,,,29/09/2026 09:07
d16ee618-fbe0-4ce8-886f-4d45ee1fbffd,spirituality.fail,available,38.99,38.99,high,low,12,namesilo,,,30/09/2026 06:12
f5529ae6-7251-4b66-aad6-8c6c3a43e9d5,faith.archi,available,13.14,83,high,low,5,spaceship,,,29/09/2026 18:54
32af4724-da2f-4700-9146-455a3a38ef62,church.glass,premium,102.67,102.67,high,medium,6,spaceship,,,29/09/2026 09:07
206bee2e-31e5-414d-9490-2f4d36b49651,spirituality.cyou,premium,59.71,119.23,high,low,12,spaceship,,,30/09/2026 06:12
3c8d2fef-503a-40cc-831b-e4c1b3e968d1,belief.contact,available,13.98,16.78,high,low,6,namecheap,,,23/09/2026 05:12
1498c85c-2053-40aa-b93d-846eb7ef1ae8,church.diet,available,107.22,107.22,high,medium,6,dynadot,,,29/09/2026 09:07
2c7ceea4-b044-4d60-a5e5-04bddd36d1a5,religion.green,premium,273.41,546.35,high,low,8,porkbun,,,29/09/2026 18:54
9e0f839a-4c33-4117-a2b0-939f60a1ee6e,faith.football,available,20.9,20.9,high,low,5,spaceship,,,29/09/2026 18:54
754ba7d0-45a7-4240-828f-2b6d58c4363d,spirituality.financial,available,15.73,46.78,high,low,12,spaceship,,,30/09/2026 06:12
2769cf3a-277d-4fc4-94ba-d115e23fcc56,church.catering,premium,512,512,high,medium,6,namesilo,,,29/09/2026 09:07
0270be6c-0ed3-4d24-8e05-64eafd043338,spirituality.photo,available,26.08,26.08,high,low,12,spaceship,,,30/09/2026 06:12
6bb5e26e-bb7d-4cdd-9731-c0141d5ead7b,spirituality.marketing,available,5.66,33.47,high,low,12,porkbun,,,30/09/2026 06:12
2356be1b-7794-4efd-830a-91b5470ffd02,church.bar,premium,326.23,465.95,high,medium,6,spaceship,,,29/09/2026 09:07
0dab2376-36dc-40ed-9c29-d18595074430,belief.srl,available,31.99,31.99,high,low,6,namesilo,,,23/09/2026 05:12
2bdf1042-3d22-46de-9892-d80575ca1800,worship.qpon,available,1.99,27.99,high,low,7,name.com,,,17/09/2026 09:43
19b0bc0d-5dd9-455f-8abd-2583ab6919a8,belief.pw,resell,,,high,low,6,"GoDaddy.com, LLC",21/06/2026 18:14,21/06/2027 18:14,26/09/2026 04:21
cf129075-5223-44db-9ddb-efcf68e2f945,belief.tax,available,8.98,85.98,high,low,6,namecheap,,,23/09/2026 05:12
6cdf27ea-251a-4c7d-89c5-21a70f39b97d,belief.limo,available,54.99,54.99,high,low,6,namesilo,,,23/09/2026 05:12
8e7943ef-0091-487c-b157-7ea910eb1a49,belief.haus,available,14.99,33.99,high,low,6,namesilo,,,23/09/2026 05:12
083c25d0-7069-4a83-b9db-93bb53dd6cbc,religion.esq,premium,92.32,92.32,high,low,8,spaceship,,,29/09/2026 18:54
bea0926f-a5ce-4337-a76c-c2eeb1abb954,faith.equipment,available,22.97,22.97,high,low,5,spaceship,,,29/09/2026 18:54
005a4597-36ac-4ed6-a83b-16759d62260f,religion.shiksha,available,10.92,41.81,high,low,8,dynadot,,,29/09/2026 18:54
e7e01cd8-fc03-4d46-b62b-6acd60b953ce,religion.land,available,32.2,32.2,high,low,8,cloudflare,,,29/09/2026 18:54
8c2e22a0-2a8b-4d4a-bd16-318af8b12ed0,religion.cyou,premium,59.71,119.23,high,low,8,spaceship,,,29/09/2026 18:54
3d76e6b4-a4cc-4761-994f-222c043e32fa,church.holiday,premium,118.8,118.8,high,medium,6,namesilo,,,29/09/2026 09:07
c5324c86-34af-4dcd-9360-3f436c361a7f,spirituality.party,premium,448,53.92,high,low,12,namesilo,,,30/09/2026 06:12
94a59310-5bf6-46bb-83f3-45dbf47e6c68,faith.shopping,available,23.2,23.2,high,low,5,cloudflare,,,29/09/2026 18:54
e0e1a724-a02c-486c-90b5-1b69625b07d4,religion.tips,available,15,,high,low,8,unstoppable,,,29/09/2026 18:54
0c6ac60d-2cd1-4c22-8016-db53520627cc,church.services,resell,,,high,medium,6,"Spaceship, Inc.",06/07/2014 16:00,06/07/2027 16:00,29/09/2026 09:07
60745c6f-3ff8-4522-9a5e-85040d5c5a2c,worship.dad,premium,73.75,73.75,high,low,7,name.com,,,17/09/2026 09:43
defea797-1c3f-4fb5-909e-4f827efcfd5e,belief.free,premium,116,116,high,low,6,namesilo,,,23/09/2026 05:12
06b872e2-9fb5-4049-bb4f-c6235b819ed7,faith.vin,available,8.5,,high,low,5,unstoppable,,,29/09/2026 18:54
2cfe038e-2f16-486c-9037-987a5fca14d7,worship.expert,available,10.99,62.49,high,low,7,namesilo,,,17/09/2026 09:43
ba30328b-85ef-404c-bbf4-381982e6b02f,spirituality.pet,available,6.41,20.9,high,low,12,spaceship,,,30/09/2026 06:12
ae6a92cf-aa55-4390-bb66-31583fca03c2,religion.quest,available,1.24,13.97,high,low,8,spaceship,,,29/09/2026 18:54
47103bd6-26e2-49bb-bca1-0e73b31b2fe6,spirituality.loans,available,20.99,116.99,high,low,12,namesilo,,,30/09/2026 06:12
ac23ebef-8948-44df-a707-0f9184179f86,spirituality.restaurant,available,20.99,64.99,high,low,12,namesilo,,,30/09/2026 06:12
2ce1c348-d62c-4122-a1e7-fc5ba7f9dca7,belief.uno,premium,302.5,302.5,high,low,6,namesilo,,,23/09/2026 05:12
93d91a2a-509b-4c59-97b2-3ed01c40c634,worship.dev,premium,106.8,106.8,high,low,7,namesilo,,,17/09/2026 09:43
e9651c45-b0f5-412d-9526-e6dbdd12fa7f,spirituality.cx,available,17.66,17.66,high,low,12,dynadot,,,30/09/2026 06:12
0e60f28f-ed70-404f-8006-3d5d22684dd8,faith.immo,premium,220,220,high,low,5,dynadot,,,29/09/2026 18:54
2876a01f-6732-4fa3-8233-5b9898667641,spirituality.loan,premium,362.45,51.95,high,low,12,spaceship,,,30/09/2026 06:12
0dafaecf-d36d-4d33-9f7f-3659d1292dc3,belief.rodeo,available,12.99,12.99,high,low,6,namesilo,,,23/09/2026 05:12
750a13f1-a677-45f8-9fba-009ba143efe3,worship.co,resell,57371.2,48.99,high,low,7,Dynadot Inc,20/07/2010 18:00,19/07/2029 23:59,26/09/2026 10:14
856b0a20-287c-4e02-acd1-00a2198adc9a,spirituality.sydney,available,58,58,high,low,12,namesilo,,,30/09/2026 06:12
db78ce85-ee01-43c2-9947-cfef958e5e32,church.lat,resell,,,high,medium,6,"GoDaddy.com, LLC",18/01/2026 03:00,18/01/2027 23:59,29/09/2026 09:07
a0abf18e-9415-492e-8b78-c2f456a0d3b8,spirituality.management,available,25.99,25.99,high,low,12,namesilo,,,30/09/2026 06:12
fdb91436-3675-4cb2-8bd5-b052d5b156fb,faith.poker,available,5.38,54.02,high,low,5,spaceship,,,29/09/2026 18:54
bfcc4e80-c76e-4064-af75-edd60a1f0e72,religion.solutions,available,7.96,25.04,high,low,8,spaceship,,,29/09/2026 18:54
b01182bc-9f42-4adb-afa2-a3ad87441cce,spirituality.gratis,available,18.2,18.2,high,low,12,cloudflare,,,30/09/2026 06:12
1ce93935-ed69-4b4b-a1d5-501c6d71c092,spirituality.giving,available,6.41,22.39,high,low,12,spaceship,,,30/09/2026 06:12
56894b5e-27b9-4ff9-bdd5-dcae220b4cc3,religion.attorney,available,48.2,48.2,high,low,8,cloudflare,,,29/09/2026 18:54
c4582fb2-2e05-4381-b132-e100f4972930,worship.vacations,available,38.99,38.99,high,low,7,namesilo,,,17/09/2026 09:43
4afb87fd-8fb4-4a03-8fed-37afd3dbcf71,worship.diet,available,108.98,159.98,high,low,7,namecheap,,,17/09/2026 09:43
05f303b3-3bc6-440c-89f4-e8e0527b8a7f,church.barcelona,available,25.04,25.04,high,medium,6,spaceship,,,29/09/2026 09:07
32cbf703-d043-497a-8989-a3622320fb34,spirituality.toys,available,10.92,53.72,high,low,12,dynadot,,,30/09/2026 06:12
fec84a92-9058-4c66-9b6f-793a7e3a0df1,religion.computer,available,17.8,31.25,high,low,8,spaceship,,,29/09/2026 18:54
436a1935-8370-448a-9e20-ebe32723e0e1,religion.insure,available,56.2,56.2,high,low,8,cloudflare,,,29/09/2026 18:54
38f57886-c64e-40f4-800c-9e79a7005b14,religion.dad,premium,76.7,76.7,high,low,8,namecheap,,,29/09/2026 18:54
0de2116a-91dc-4995-80ca-9bae38e5a48f,belief.moda,available,41.99,41.99,high,low,6,namesilo,,,23/09/2026 05:12
dd423151-ccc5-4fd3-9128-5f2861d939ee,religion.company,available,22,,high,low,8,unstoppable,,,29/09/2026 18:54
c37993ca-ff78-4308-8869-030f0f7b0b17,belief.jewelry,available,64.99,64.99,high,low,6,namesilo,,,23/09/2026 05:12
2df58dbf-5743-440c-a6e8-b6560ce2ec0c,church.ceo,available,9.99,107.22,high,medium,6,dynadot,,,29/09/2026 09:07
d2e9d0df-203e-4949-8b14-d4fb5f23d124,spirituality.auction,available,29.18,29.18,high,low,12,spaceship,,,30/09/2026 06:12
774bd736-df45-4054-8e82-c9ef131b28f1,belief.actor,available,16.99,44.49,high,low,6,namesilo,,,23/09/2026 05:12
9b9cfeea-16a2-43bd-81c4-dfdfa7451ccb,church.style,premium,128.7,128.7,high,medium,6,namecheap,,,29/09/2026 09:07
720975d0-e9e3-4985-a456-0adc7efce7d7,belief.ltd,available,8.99,30.99,high,low,6,namesilo,,,23/09/2026 05:12
58a72a80-f820-4dcf-999b-d9ba1109f945,spirituality.luxe,available,19.49,19.49,high,low,12,namesilo,,,30/09/2026 06:12
7f3cbc4b-c754-4309-9ee1-e3d452e57c44,belief.domains,available,42.99,42.99,high,low,6,namesilo,,,23/09/2026 05:12
8965ffd7-b75c-465a-aa96-a74e00840f0c,worship.rich,available,94.99,1999,high,low,7,namesilo,,,17/09/2026 09:43
3f7dd939-558a-41a3-a1fc-c813cda206f7,doctrine.faith,available,10.53,10.53,high,low,8,spaceship,,,06/10/2026 08:29
43ddd886-c655-4b81-9280-d6000e4d21c1,worship.press,premium,302.5,302.5,high,low,7,namesilo,,,17/09/2026 09:43
6f4a3636-e1ca-4799-b482-f19c9749472b,religion.new,available,412.2,412.2,high,low,8,spaceship,,,29/09/2026 18:54
f3c8568c-cd2a-451e-8129-246409ec8c73,worship.film,available,65.99,65.99,high,low,7,namesilo,,,17/09/2026 09:43
a5f9adfa-9667-4b09-a278-d4b8c6cfbf44,worship.reviews,available,65.98,77.98,high,low,7,namecheap,,,17/09/2026 09:43
9aae46ae-f57a-4731-9036-a04e753662ca,church.biz,resell,,,high,medium,6,"Spaceship, Inc.",14/06/2022 00:00,14/06/2027 00:00,29/09/2026 09:07
680c0177-2aea-463c-bcf7-e909cebe0617,church.guitars,available,93.35,103.4,high,medium,6,spaceship,,,29/09/2026 09:07
9fe018e9-9a99-441f-b713-54d159822c14,church.flights,premium,414.2,414.2,high,medium,6,spaceship,,,29/09/2026 09:07
2b0872d3-33c1-4c6c-9bd6-70e5ad797b9e,worship.game,available,309.99,429.99,high,low,7,namesilo,,,17/09/2026 09:43
83123012-359d-449a-93d5-2b07312bd2e8,belief.navy,available,43.98,45.98,high,low,6,namecheap,,,23/09/2026 05:12
a9faf4be-e76c-4ebb-bcfd-2a73453230bd,belief.dating,available,20.99,64.99,high,low,6,namesilo,,,23/09/2026 05:12
471a6315-c918-455c-bdb9-b037237fcfa8,faith.soy,premium,81.97,81.97,high,low,5,spaceship,,,29/09/2026 18:54
f296991c-d25f-4407-a7db-00cdf5870056,worship.style,resell,,,high,low,7,"Global Domains International, Inc. DBA DomainCostClub.com",19/08/2018 03:45,19/08/2027 03:45,26/09/2026 10:14
0afd020f-594a-492b-ba08-c975b8056300,spirituality.haus,available,14.99,33.99,high,low,12,namesilo,,,30/09/2026 06:12
d74ca819-0e83-4ceb-b250-0f07ab036138,faith.info,resell,,,high,low,5,Dynadot Inc,13/07/2002 19:33,13/07/2027 19:33,29/09/2026 18:54
f2054337-652d-4cae-85c8-f7870580692d,spirituality.fm,available,67.98,87.72,high,low,12,spaceship,,,30/09/2026 06:12
8e3b2ff3-67c5-4a1e-9f47-a6fa8dbc0760,church.fashion,resell,,,high,medium,6,"GoDaddy.com, LLC",17/09/2026 03:00,17/09/2027 03:00,29/09/2026 09:07
b2a0f7c4-b3a6-4337-b60e-4cdfb01a4c81,spirituality.catering,available,30.2,30.2,high,low,12,cloudflare,,,30/09/2026 06:12
eee89db0-69c4-44a5-93c8-0db64c41921f,spirituality.sex,available,52.01,98.35,high,low,12,porkbun,,,30/09/2026 06:12
84191e2f-0580-436b-b318-1adcc8b9d680,spirituality.pictures,available,15.49,15.49,high,low,12,namesilo,,,30/09/2026 06:12
044c0c13-b22b-44a3-b93a-507f6178822d,church.dentist,premium,242,242,high,medium,6,namesilo,,,29/09/2026 09:07
d24bf892-22bd-484b-a3eb-ed2bb39d663d,religion.guitars,available,93.35,103.4,high,low,8,spaceship,,,29/09/2026 18:54
748c3421-7f90-46a6-8dd8-b23515fd554d,faith.solar,premium,207.2,414.2,high,low,5,spaceship,,,29/09/2026 18:54
f0957f3f-9efa-4c89-9546-bf1a3e6ffecf,belief.so,available,,,high,low,6,,,,
73745b37-2aec-462d-9401-08330fc8a79c,church.lifestyle,premium,640,640,high,medium,6,namesilo,,,29/09/2026 09:07
3f6557aa-b33a-4558-8da6-e93cfc3b526c,spirituality.miami,available,24.5,,high,low,12,unstoppable,,,30/09/2026 06:12
107b655a-792b-4113-a700-cb4b5913cc72,spirituality.express,available,9,31.25,high,low,12,spaceship,,,30/09/2026 06:12
c4ae538b-65ff-4e60-85c3-a2093e075201,spirituality.cash,available,9.78,31.41,high,low,12,porkbun,,,30/09/2026 06:12
9f0dbf44-b946-4222-930d-0c3739c1bcad,belief.plumbing,available,76.98,89.98,high,low,6,namecheap,,,23/09/2026 05:12
7a4b7561-0d89-4256-aa25-e60572bbee39,faith.tienda,available,62.98,74.98,high,low,5,namecheap,,,29/09/2026 18:54
3f1934f8-cd32-421c-8e41-f672509f2e56,church.beer,resell,,,high,medium,6,Alibaba Cloud Computing Ltd. d/b/a HiChina (www.net.cn),23/04/2021 16:00,23/04/2027 16:00,29/09/2026 09:07
c043dd8e-60cf-48e7-a45a-c67271a1d2a9,faith.hiv,available,184.9,184.9,high,low,5,spaceship,,,29/09/2026 18:54
2719e2ee-583b-495d-ba75-2a3bcc20d955,belief.management,available,25.99,25.99,high,low,6,namesilo,,,23/09/2026 05:12
84ff4f53-b873-416e-a0ce-caf6a31dfca0,religion.rsvp,premium,59.2,,high,low,8,unstoppable,,,29/09/2026 18:54
781a58e9-d880-4139-ba0b-b0b8b8099b7b,religion.buzz,premium,103.7,51.95,high,low,8,spaceship,,,29/09/2026 18:54
815bfa14-39ab-4d21-8d54-f1e3d8285a87,spirituality.vc,available,32.98,41.98,high,low,12,namecheap,,,30/09/2026 06:12
91bb18ff-d528-486d-9ed3-90a3198ae7a3,worship.observer,premium,11.8,11.8,high,low,7,namesilo,,,17/09/2026 09:43
8bf9e4e3-dabb-4bc3-978b-08c9887e5643,church.clinic,premium,85.8,85.8,high,medium,6,namecheap,,,29/09/2026 09:07
44031348-7fbf-4984-a901-9197bf693be0,religion.srl,available,28.04,28.04,high,low,8,dynadot,,,29/09/2026 18:54
b4123550-9edd-41d1-b37f-6bf370e87252,church.memorial,premium,207.2,207.2,high,medium,6,spaceship,,,29/09/2026 09:07
ba9a942a-f6e9-4973-a1e3-63fb34d96ba2,worship.so,available,68.98,,high,low,7,namecheap,,,
45646a43-3d2a-4c36-a289-e47e760e16b7,belief.blue,available,19.99,24.99,high,low,6,namesilo,,,23/09/2026 05:12
fd231d16-42a5-4455-a033-d46650fb5b1f,worship.theater,available,65.99,65.99,high,low,7,namesilo,,,17/09/2026 09:43
3d0ea9c6-c9f1-4831-8d00-267a10a62566,belief.apartments,available,60.98,72.98,high,low,6,namecheap,,,23/09/2026 05:12
f010dbf8-2d5a-47eb-b52f-911c4a3b79fd,church.surgery,premium,242,242,high,medium,6,namesilo,,,29/09/2026 09:07
0cd8291c-3d34-4015-aa66-1c481e66a637,religion.reisen,available,16.76,16.76,high,low,8,spaceship,,,29/09/2026 18:54
f84dc180-eb27-41d1-a495-72fad0590e57,faith.airforce,available,80.2,80.2,high,low,5,cloudflare,,,29/09/2026 18:54
c506c6e2-b728-4798-a431-2d3d44e579ee,spirituality.futbol,available,5.38,13.66,high,low,12,spaceship,,,30/09/2026 06:12
8ae2bbfb-9e6d-4ad5-9698-6a2d62a9e437,spirituality.ing,available,14,,high,low,12,unstoppable,,,30/09/2026 06:12
9a96c0c5-8c80-4746-9973-7a6776b664b0,spirituality.games,available,11.98,42.98,high,low,12,namecheap,,,30/09/2026 06:12
06055c9b-764d-4b08-adfd-78478dd0e2fd,church.associates,premium,99.5,118.8,high,medium,6,unstoppable,,,29/09/2026 09:07
3890a522-33de-4a3a-aa9e-c32832c5ec72,church.stream,premium,3125,,high,medium,6,name.com,,,29/09/2026 09:07
b9e1908f-b900-40be-bff9-f3375f743e48,spirituality.watch,available,2.79,35.39,high,low,12,spaceship,,,30/09/2026 06:12
1cb63e5f-5aa6-4937-8fa6-e4d938d60497,worship.study,premium,116,116,high,low,7,namesilo,,,17/09/2026 09:43
14c63eb8-e799-436e-8d49-e264e3ba126c,church.juegos,available,309.47,309.47,high,medium,6,porkbun,,,29/09/2026 09:07
8e8afa45-d759-4d81-b85d-740729f4e15a,church.cleaning,premium,242,242,high,medium,6,namesilo,,,29/09/2026 09:07
55e3ddba-26f8-4b44-b39d-98525271cf35,church.online,premium,3250,13000,high,medium,6,namecheap,,,29/09/2026 09:07
33e4c9ea-88b3-4193-9631-fe56151668e1,belief.hair,available,1.8,21.98,high,low,6,namecheap,,,23/09/2026 05:12
1f33ff5f-8b60-42e4-9f85-f287b94e07a1,religion.estate,available,6.98,52.98,high,low,8,namecheap,,,29/09/2026 18:54
f9d3f97d-8b13-43e8-8634-ee6e8e1ee6e6,belief.melbourne,available,58,58,high,low,6,namesilo,,,23/09/2026 05:12
bb0291ec-ac73-4f6c-aa12-1e7533a0517c,religion.surf,resell,,,high,low,8,"Spaceship, Inc.",21/11/2025 13:00,21/11/2026 13:00,29/09/2026 18:54
32db037e-9c29-4c28-87f0-1aa8bac99057,worship.gg,available,68.98,82.98,high,low,7,namecheap,,,17/09/2026 09:43
5485d071-4aac-48b3-9034-e4256e8e04c0,religion.memorial,available,41.6,41.6,high,low,8,spaceship,,,29/09/2026 18:54
97ea67d8-1d84-4c0b-aa56-0568844ce070,church.lol,premium,832,832,high,medium,6,namesilo,,,29/09/2026 09:07
b2450a72-4f2d-4296-9a6b-11fb7f894279,worship.green,available,14.99,79.99,high,low,7,namesilo,,,17/09/2026 09:43
344f3086-24f5-414a-8e01-914aa32e75ae,church.supplies,available,24.99,24.99,high,medium,6,namesilo,,,29/09/2026 09:07
47a92784-3335-4b1e-89e2-2a79d83d5850,religion.jewelry,available,51.95,51.95,high,low,8,spaceship,,,29/09/2026 18:54
fe867500-7fe5-464d-877c-39378d0854a7,worship.luxury,available,49.99,49.99,high,low,7,name.com,,,17/09/2026 09:43
af6ec3ee-530a-4a82-ad13-139ad924ab85,church.schule,available,29.98,32.98,high,medium,6,namecheap,,,29/09/2026 09:07
f7d8f6a7-45f4-400c-b1d4-7960d2cc3d30,faith.expert,premium,1040,1040,high,low,5,namecheap,,,29/09/2026 18:54
c1fa275f-e637-4c27-83a5-ea542208e665,religion.tours,available,5.57,51.58,high,low,8,dynadot,,,29/09/2026 18:54
90e735f7-f8ef-4132-8ee6-462c94e8e344,faith.bot,premium,500.5,,high,low,5,unstoppable,,,29/09/2026 18:54
9093dbac-e24e-40ae-ae3e-0dad4e5f92a3,worship.tennis,available,65.99,65.99,high,low,7,namesilo,,,17/09/2026 09:43
44d29c12-94c2-410c-8f04-4600a37a2097,religion.cab,available,26.08,26.08,high,low,8,spaceship,,,29/09/2026 18:54
5c603a4b-b59d-4403-b59d-792f4e97039a,belief.restaurant,available,20.99,64.99,high,low,6,namesilo,,,23/09/2026 05:12
aaddbcc5-ae67-4d1f-94f4-fe2b711d16c0,belief.wine,available,8.48,75.98,high,low,6,namecheap,,,23/09/2026 05:12
82ca67ee-02b9-41e5-81e0-d0ef797dbed4,worship.immobilien,available,37.99,37.99,high,low,7,namesilo,,,17/09/2026 09:43
03fa0031-f052-4eb1-ae43-55cc7cda8c39,faith.restaurant,available,20,,high,low,5,unstoppable,,,29/09/2026 18:54
279332e5-c80a-4d1a-a84d-6c56e787b9c6,church.democrat,premium,38.94,38.94,high,medium,6,namesilo,,,29/09/2026 09:07
17b4fd11-8745-46ab-82ca-eac79d2a1a81,belief.fast,premium,53.92,53.92,high,low,6,namesilo,,,23/09/2026 05:12
89d5a7dd-d5c1-4576-9a7b-7f76b7d27ed6,religion.blackfriday,available,128.98,134.98,high,low,8,namecheap,,,29/09/2026 18:54
aa84065a-233d-4295-b5e0-4fe734d18ac5,faith.miami,premium,96,21.24,high,low,5,namesilo,,,29/09/2026 18:54
02161dd0-76f1-461e-94f4-46f3f4c8bec4,church.store,premium,2500.2,,high,medium,6,unstoppable,,,29/09/2026 09:07
dcff85c8-03ee-4438-854e-e1ed53257d56,belief.bot,available,64.99,64.99,high,low,6,namesilo,,,23/09/2026 05:12
2657a6db-a950-40c0-a365-bf0239a05aee,belief.bargains,available,14.98,37.98,high,low,6,namecheap,,,23/09/2026 05:12
ad6bbc2f-3c22-4b45-a380-c7c0fbc5d5eb,belief.bz,available,21.98,26.98,high,low,6,namecheap,,,23/09/2026 05:12
1c205660-5f2b-482e-a9b5-5d02ccccfd4b,belief.pub,available,39.99,39.99,high,low,6,namesilo,,,23/09/2026 05:12
818715ee-1f5c-45d2-8716-98e70f166b4f,worship.bio,available,9.99,69.99,high,low,7,namesilo,,,17/09/2026 09:43
e056b7ed-9312-4145-8ab2-2336eeb279e2,spirituality.gay,available,38.99,38.99,high,low,12,namesilo,,,30/09/2026 06:12
4805110e-270d-44b2-918f-7d890568d373,worship.gift,available,20.98,23.98,high,low,7,namecheap,,,17/09/2026 09:43
44dbc2ac-059c-42a6-abe0-0e66904a69b3,spirituality.dev,premium,50.92,50.92,high,low,12,spaceship,,,30/09/2026 06:12
6e3f941f-eca1-40be-86da-e9348877696e,belief.storage,available,509.99,529.99,high,low,6,namesilo,,,23/09/2026 05:12
65db8e3f-3d05-4cc3-be1c-8d3aa13c571d,belief.cleaning,available,79.98,94.98,high,low,6,namecheap,,,23/09/2026 05:12
42f8e193-580d-4970-b89a-82d488c5734b,belief.academy,available,8.48,59.98,high,low,6,namecheap,,,23/09/2026 05:12
67603722-8019-4c52-8f5f-baf587c513a2,church.paris,available,66.98,66.98,high,medium,6,namecheap,,,29/09/2026 09:07
a1166542-17bb-4d6a-abf9-1a2c5da87524,spirituality.security,available,1863.2,2000.18,high,low,12,spaceship,,,30/09/2026 06:12
4f159f0b-f8c3-48cf-9d7d-ae9ce8aaeba4,religion.shop,resell,,,high,low,8,"Wild West Domains, LLC",26/09/2016 15:00,26/09/2026 23:59,
8aa79b21-49ff-4183-a6b7-1c0a681fe832,spirituality.degree,available,8.24,41.71,high,low,12,porkbun,,,30/09/2026 06:12
270b70e4-5b9b-4a76-a1a4-bab0cbfdc430,church.pizza,available,10.92,53.72,high,medium,6,dynadot,,,29/09/2026 09:07
dbb55576-3be2-4283-9b7f-44ce4bb709e7,belief.courses,available,2.19,38.99,high,low,6,namesilo,,,23/09/2026 05:12
f205196e-c945-4fe0-9286-6699a444f2e6,church.army,available,30.2,30.2,high,medium,6,cloudflare,,,29/09/2026 09:07
f7130d7f-abca-4f5a-94ce-9ff12b2aeed1,worship.camera,available,21.99,75.99,high,low,7,name.com,,,17/09/2026 09:43
0f19d2c5-1fe1-4d17-b1cd-e10217f0563a,spirituality.diet,available,93.35,103.4,high,low,12,spaceship,,,30/09/2026 06:12
580feecf-5af2-43ba-831a-e33c3e73eb76,church.sbs,premium,384,768,high,medium,6,namesilo,,,29/09/2026 09:07
22743da9-10c1-4dfc-800b-3c54703a647d,religion.loans,available,17.48,144.98,high,low,8,namecheap,,,29/09/2026 18:54
e1da1033-e520-4b41-8610-07637c3e5491,spirituality.poker,available,5.38,54.02,high,low,12,spaceship,,,30/09/2026 06:12
add388c5-77b6-4047-85d7-0333cbab6896,faith.vana,available,2070.2,2070.2,high,low,5,spaceship,,,29/09/2026 18:54
6c77dbce-3163-4cf1-849e-6d99efdc0148,spirituality.diamonds,available,54.99,54.99,high,low,12,namesilo,,,30/09/2026 06:12
f7d5364f-3be1-4016-a06b-5c81edf8aa25,religion.hair,available,1.54,14.21,high,low,8,porkbun,,,29/09/2026 18:54
7fdb6288-3bd1-4ce8-9c05-9e55b64b562d,worship.cool,available,9.49,44.99,high,low,7,namesilo,,,17/09/2026 09:43
73d5c77d-3af3-4ad9-b02b-ef337f6b9ff2,worship.tax,available,14.99,67.49,high,low,7,namesilo,,,17/09/2026 09:43
889b73a1-500c-4c7f-a978-af06ec815aaa,religion.day,premium,73.75,,high,low,8,name.com,,,29/09/2026 18:54
5621baf6-33ef-408b-a750-dd176bb2b0a2,belief.id,available,14.19,20.75,high,low,6,namesilo,,,23/09/2026 05:12
be8750e5-e9c0-437d-a545-54ad13563933,spirituality.coupons,available,5.99,54.99,high,low,12,namesilo,,,30/09/2026 06:12
b9f5efb7-c6c0-459f-8a21-376af8850e21,belief.trading,available,21.98,27.98,high,low,6,namecheap,,,23/09/2026 05:12
7bcca3f8-f29d-4c62-bdf9-8b5b3082766e,religion.luxury,available,26,26,high,low,8,spaceship,,,29/09/2026 18:54
bc058dac-1916-4e83-a68e-ae57aa139b9b,belief.kim,available,12.99,23.49,high,low,6,namesilo,,,23/09/2026 05:12
05894e55-4847-400d-b557-c8fb54014989,faith.clothing,available,10.81,26.26,high,low,5,porkbun,,,29/09/2026 18:54
f417c582-582f-4e6f-bb1c-87208f6e48d2,spirituality.domains,available,34.36,34.36,high,low,12,spaceship,,,30/09/2026 06:12
5defbc19-a4ee-4aec-9cf8-b3701239aad3,church.credit,available,8.48,83,high,medium,6,spaceship,,,29/09/2026 09:07
8ef400a6-a218-4b8b-8599-1cfc46279b53,church.srl,premium,50.6,28.04,high,medium,6,dynadot,,,29/09/2026 09:07
0413d2d2-d1de-495c-b9fc-da509eb9e547,spirituality.rodeo,available,10.58,10.58,high,low,12,spaceship,,,30/09/2026 06:12
5dcf3c9c-3488-4276-8763-b6790490cda0,faith.prof,premium,411.25,,high,low,5,name.com,,,29/09/2026 18:54
b42734c1-2de2-4e63-9380-7612af138189,belief.tools,available,18.99,36.49,high,low,6,namesilo,,,23/09/2026 05:12
a8612cbf-8cb9-4dd8-9a93-6b98c4b80b96,church.clothing,premium,68.51,68.51,high,medium,6,spaceship,,,29/09/2026 09:07
eb58dc4c-18ce-43cb-93a7-d3ace6c54de7,spirituality.horse,available,32.49,32.49,high,low,12,namesilo,,,30/09/2026 06:12
e5d2ba97-13e0-4ef1-ac6a-fc7d44b36ff7,spirituality.mom,available,1.24,26,high,low,12,spaceship,,,30/09/2026 06:12
4bafc82e-f71d-4e07-a3c8-51ca0129c015,worship.markets,available,5.98,26.98,high,low,7,namecheap,,,17/09/2026 09:43
5c5a4b90-b82e-4bad-ac39-b9ce2780ff4e,church.cooking,premium,96,29.5,high,medium,6,namesilo,,,29/09/2026 09:07
f490d076-9944-4e96-8904-14267622d14d,faith.taxi,available,7.96,49.88,high,low,5,spaceship,,,29/09/2026 18:54
ef60aab3-ddf8-47ea-a5e2-64779ea740b1,faith.bayern,available,31.99,30.8,high,low,5,porkbun,,,29/09/2026 18:54
c2ce68cb-991b-4d0a-ab93-4e6f638af4e8,belief.voting,available,1398,1448,high,low,6,namecheap,,,23/09/2026 05:12
23254169-7a1a-40a0-9bbc-a31715a103ae,church.fish,premium,118.8,118.8,high,medium,6,namesilo,,,29/09/2026 09:07
10a6d1af-2053-48ef-aff1-3d1b1ff27739,church.host,premium,258.95,517.7,high,medium,6,spaceship,,,29/09/2026 09:07
4ccf668d-aa70-4595-9b2c-b01359739dce,worship.apartments,available,57.99,57.99,high,low,7,namesilo,,,17/09/2026 09:43
81dfae92-8009-4383-a8d8-b99769fa362b,faith.nyc,premium,1035.2,26.08,high,low,5,spaceship,,,29/09/2026 18:54
deffd6c3-3569-43ca-bdad-7f93a9effee5,religion.menu,available,34.98,38.98,high,low,8,namecheap,,,29/09/2026 18:54
5e97659a-2d19-4b88-8506-ffeeb3beafc5,church.vacations,premium,118.8,118.8,high,medium,6,namesilo,,,29/09/2026 09:07
902826ba-d33a-46bc-9dcf-4c1994e31650,religion.farm,available,4.34,31.25,high,low,8,spaceship,,,29/09/2026 18:54
7d4eb1cd-25c5-40ba-ab1f-5f274f9ca9c9,faith.broker,available,10.55,29.18,high,low,5,spaceship,,,29/09/2026 18:54
38d41b4c-4231-4f9c-8041-406c0fba4d22,faith.cam,premium,1040,18.2,high,low,5,namecheap,,,29/09/2026 18:54
347701fb-8b01-438a-b507-c55d8f4ba03e,belief.shoes,available,64.99,64.99,high,low,6,namesilo,,,23/09/2026 05:12
16bef758-9da5-4615-b73a-0ad1f7df58fb,belief.ca,resell,,,high,low,6,CENTRALNIC CANADA INC,02/04/2014 19:26,02/04/2027 19:26,26/09/2026 04:21
2220f578-a205-424f-b081-e6a26a7c6e40,faith.group,resell,,,high,low,5,"Spaceship, Inc.",25/08/2021 16:05,25/08/2027 16:05,29/09/2026 18:54
919e2f2e-1f3c-4f37-beda-53b475bb4aad,spirituality.soccer,available,20.2,20.2,high,low,12,cloudflare,,,30/09/2026 06:12
5e874912-c645-4279-b99e-e204d3020e70,belief.poker,available,10.99,67.99,high,low,6,namesilo,,,23/09/2026 05:12
e60b5bc2-a57e-4507-ac5d-9109b4a85f2d,spirituality.salon,available,57.99,57.99,high,low,12,namesilo,,,30/09/2026 06:12
b8c4bf05-7768-4c5c-b851-e79ee538ea1b,faith.institute,premium,118.8,118.8,high,low,5,namesilo,,,29/09/2026 18:54
27822699-0f57-420e-8d43-c67eef0d1c50,spirituality.observer,premium,11.8,11.8,high,low,12,namesilo,,,30/09/2026 06:12
604ceb1e-b131-4fd8-8a35-1d76165715c8,worship.gmbh,available,45.99,45.99,high,low,7,namesilo,,,17/09/2026 09:43
f779a454-306c-43e1-b98f-90b2a1985821,faith.tattoo,premium,103.7,103.7,high,low,5,spaceship,,,29/09/2026 18:54
83435d35-fbd6-40c2-939c-42f9060e5a79,worship.creditcard,available,144.99,144.99,high,low,7,namesilo,,,17/09/2026 09:43
92dc4594-b1e2-407c-838b-5d3b8238c863,belief.lease,available,56.99,56.99,high,low,6,namesilo,,,23/09/2026 05:12
34d34ae6-5dbf-4764-86d3-46088a97e756,faith.pink,available,8.24,21.11,high,low,5,porkbun,,,29/09/2026 18:54
2a36528e-e7cc-4e6e-88bf-77680b668192,worship.shoes,available,64.99,64.99,high,low,7,namesilo,,,17/09/2026 09:43
f51b3750-613c-4f87-9206-f73d3741a72d,faith.nexus,premium,257.92,257.92,high,low,5,spaceship,,,29/09/2026 18:54
5047638c-b82d-4e73-bd6c-fefb35fa441b,spirituality.partners,available,20,,high,low,12,unstoppable,,,30/09/2026 06:12
6d78f5bf-a184-4d51-a332-9e90c0065eff,belief.reise,available,102.98,127.98,high,low,6,namecheap,,,23/09/2026 05:12
8269a70a-cdb5-47ec-b457-5992ee0a2dc4,worship.luxe,available,19.49,19.49,high,low,7,namesilo,,,17/09/2026 09:43
390a8890-b0a8-4581-b529-35183f25edd6,spirituality.golf,available,6.98,83.98,high,low,12,namecheap,,,30/09/2026 06:12
e5a47004-f26f-40fa-b129-be3fba98dd6d,belief.school,available,38.48,49.98,high,low,6,namecheap,,,23/09/2026 05:12
3b5f3dd2-1d90-41bd-9cd8-c18a0108c66f,worship.auction,available,4.99,52.99,high,low,7,name.com,,,17/09/2026 09:43
4c48bed1-117d-4b8e-8f0b-2bb70c9a85b7,worship.buzz,premium,520,130,high,low,7,namecheap,,,17/09/2026 09:43
de11ba38-6bc0-4247-8e52-246e26cbdb9e,religion.limited,available,28.2,28.2,high,low,8,cloudflare,,,29/09/2026 18:54
757c8079-02a7-4c2d-aef8-efad4c634b8e,belief.phd,premium,115.7,115.7,high,low,6,namecheap,,,23/09/2026 05:12
e43e74e1-919e-440e-8c58-b7603b8d8102,belief.hosting,available,310.98,437.98,high,low,6,namecheap,,,23/09/2026 05:12
26349edc-f3bb-4e79-a6db-de9f6c902fa8,belief.blackfriday,available,114.99,114.99,high,low,6,namesilo,,,23/09/2026 05:12
6716c14b-7660-4973-bc93-e64f0683df8d,belief.family,available,39.99,39.99,high,low,6,namesilo,,,23/09/2026 05:12
855d7c0a-be57-47b9-90af-7e9e0088fa04,church.love,premium,4347.2,6210.2,high,medium,6,spaceship,,,29/09/2026 09:07
c31301ca-6f26-4668-b629-f01343c8e29a,belief.mobile,premium,780,780,high,low,6,namecheap,,,23/09/2026 05:12
306de17a-8fe0-465c-880d-6b7cdbb0a0e1,belief.zip,premium,167.7,167.7,high,low,6,namecheap,,,23/09/2026 05:12